Workbook
Name Afinador_Alumne: #N/A
Name Afinador_Comentari: #N/A
Name Afinador_Empresa: #N/A
Name Afinador_Ok: #N/A
Name Afinador_Tipus: #N/A

Sheet Alumnes
A1: # | B1: CV | C1: Cognoms | D1: Nom | E1: Nom sencer | F1: Env | G1: Reb/NT | H1: Lliure | I1: Ok | J1: Obs | K1: DNI/NIE/Passaport | L1: Data Naixement | M1: Edat | N1: Telèfon #1 | O1: Telèfon #2 | P1: TS | Q1: SS | R1: Correu electrònic | S1: Adreça | T1: Població | U1: CP | V1: Idiomes | W1: Tipus | X1: Estat | Y1: Empresa | Z1: Nom Tutor | AA1: Tel. Tutor | AB1: Correu Tutor | AC1: DNI Tutor | AD1: Inici | AE1: Fi | AF1: Hores | AG1: Observacions | AH1: Nota Empresa
A2: 1 | B2: =HYPERLINK(_xlfn.CONCAT("D:\La meva unitat\FCT\Promoció 2025-27\Alumnes\",Taula_Alumnes[[#This Row],[Nom sencer]],"\CV_",Taula_Alumnes[[#This Row],[Nom sencer]],".pdf"),"CV") -> CV | C2: Aguayo Barrientos | D2: Jose Wigberto | E2: =_xlfn.CONCAT(TRIM(Taula_Alumnes[[#This Row],[Cognoms]]), ", ", TRIM(Taula_Alumnes[[#This Row],[Nom]])) -> Aguayo Barrientos, Jose Wigberto | F2: =COUNTIF(Seguiment!F:F,Taula_Alumnes[[#This Row],[Nom sencer]]) -> 0 | G2: =COUNTIF(Seguiment!G:G,Taula_Alumnes[[#This Row],[Nom sencer]])++COUNTIF(Seguiment!H:H,Taula_Alumnes[[#This Row],[Nom sencer]]) -> 0 | H2: =IF(Taula_Alumnes[[#This Row],[Env]]=Taula_Alumnes[[#This Row],[Reb/NT]],IF(Taula_Alumnes[[#This Row],[Ok]]="Pendent","Sí","No"),"No") -> Sí | I2: =IF(Taula_Alumnes[[#This Row],[Tipus]]=Taula_Alumnes[[#This Row],[Estat]],"Assignat",IF(Taula_Alumnes[[#This Row],[Estat]]="Pràctiques finalitzades","Finalitzades","Pendent")) -> Pendent | K2: Z3653609H | L2: 39307 | M2: =_xlfn.CONCAT(TEXT(_xlfn.DAYS(TODAY(),Taula_Alumnes[[#This Row],[Data Naixement]])/365,"##")," anys") -> 19 anys | N2: 642186131 | O2: 631765167 | P2: =IFERROR(VLOOKUP(Taula_Alumnes[[#This Row],[DNI/NIE/Passaport]],Questionari!D:O,11,FALSE),"") -> AGBA 0 070813 00 9 | Q2: =IFERROR(VLOOKUP(Taula_Alumnes[[#This Row],[DNI/NIE/Passaport]],Questionari!D:O,12,FALSE),"-") -> - | R2: jw.aguayo.25@sarria.salesians.cat | S2: =IFERROR(VLOOKUP(Taula_Alumnes[[#This Row],[DNI/NIE/Passaport]],Questionari!D:O,5,FALSE),"") -> BV-2041 KM 3.5 GAVA | T2: =IFERROR(VLOOKUP(Taula_Alumnes[[#This Row],[DNI/NIE/Passaport]],Questionari!D:O,6,FALSE),"") -> GAVA | U2: =IFERROR(VLOOKUP(Taula_Alumnes[[#This Row],[DNI/NIE/Passaport]],Questionari!D:O,7,FALSE),"") -> 8850 | W2: Dual gen. | X2: Pendent | Y2: Sense empresa
A3: 2 | B3: =HYPERLINK(_xlfn.CONCAT("D:\La meva unitat\FCT\Promoció 2025-27\Alumnes\",Taula_Alumnes[[#This Row],[Nom sencer]],"\CV_",Taula_Alumnes[[#This Row],[Nom sencer]],".pdf"),"CV") -> CV | C3: Almendros García | D3: Javier | E3: =_xlfn.CONCAT(TRIM(Taula_Alumnes[[#This Row],[Cognoms]]), ", ", TRIM(Taula_Alumnes[[#This Row],[Nom]])) -> Almendros García, Javier | F3: =COUNTIF(Seguiment!F:F,Taula_Alumnes[[#This Row],[Nom sencer]]) -> 1 | G3: =COUNTIF(Seguiment!G:G,Taula_Alumnes[[#This Row],[Nom sencer]])++COUNTIF(Seguiment!H:H,Taula_Alumnes[[#This Row],[Nom sencer]]) -> 0 | H3: =IF(Taula_Alumnes[[#This Row],[Env]]=Taula_Alumnes[[#This Row],[Reb/NT]],IF(Taula_Alumnes[[#This Row],[Ok]]="Pendent","Sí","No"),"No") -> No | I3: =IF(Taula_Alumnes[[#This Row],[Tipus]]=Taula_Alumnes[[#This Row],[Estat]],"Assignat",IF(Taula_Alumnes[[#This Row],[Estat]]="Pràctiques finalitzades","Finalitzades","Pendent")) -> Assignat | K3: 47593525Q | L3: 39167 | M3: =_xlfn.CONCAT(TEXT(_xlfn.DAYS(TODAY(),Taula_Alumnes[[#This Row],[Data Naixement]])/365,"##")," anys") -> 19 anys | N3: 689066146 | O3: 636873498 | P3: =IFERROR(VLOOKUP(Taula_Alumnes[[#This Row],[DNI/NIE/Passaport]],Questionari!D:O,11,FALSE),"") -> ALGA 0 070320 00 2 | Q3: =IFERROR(VLOOKUP(Taula_Alumnes[[#This Row],[DNI/NIE/Passaport]],Questionari!D:O,12,FALSE),"-") -> 81272358665 | R3: javier.almendros@sarria.salesians.cat | S3: =IFERROR(VLOOKUP(Taula_Alumnes[[#This Row],[DNI/NIE/Passaport]],Questionari!D:O,5,FALSE),"") -> carretera reial 79 | T3: =IFERROR(VLOOKUP(Taula_Alumnes[[#This Row],[DNI/NIE/Passaport]],Questionari!D:O,6,FALSE),"") -> Sant Just Desvern | U3: =IFERROR(VLOOKUP(Taula_Alumnes[[#This Row],[DNI/NIE/Passaport]],Questionari!D:O,7,FALSE),"") -> 8960 | W3: Dual int. | X3: Dual int. | Y3: DST - Deisoltec | Z3: ALBERTO VALLE BOSACOMA | AA3: 930096914 | AB3: av@dst.es | AC3: 46743326N | AD3: 46113 | AE3: 46507 | AF3: 1000
A4: 3 | B4: =HYPERLINK(_xlfn.CONCAT("D:\La meva unitat\FCT\Promoció 2025-27\Alumnes\",Taula_Alumnes[[#This Row],[Nom sencer]],"\CV_",Taula_Alumnes[[#This Row],[Nom sencer]],".pdf"),"CV") -> CV | C4: Barrios López | D4: Iván | E4: =_xlfn.CONCAT(TRIM(Taula_Alumnes[[#This Row],[Cognoms]]), ", ", TRIM(Taula_Alumnes[[#This Row],[Nom]])) -> Barrios López, Iván | F4: =COUNTIF(Seguiment!F:F,Taula_Alumnes[[#This Row],[Nom sencer]]) -> 0 | G4: =COUNTIF(Seguiment!G:G,Taula_Alumnes[[#This Row],[Nom sencer]])++COUNTIF(Seguiment!H:H,Taula_Alumnes[[#This Row],[Nom sencer]]) -> 0 | H4: =IF(Taula_Alumnes[[#This Row],[Env]]=Taula_Alumnes[[#This Row],[Reb/NT]],IF(Taula_Alumnes[[#This Row],[Ok]]="Pendent","Sí","No"),"No") -> Sí | I4: =IF(Taula_Alumnes[[#This Row],[Tipus]]=Taula_Alumnes[[#This Row],[Estat]],"Assignat",IF(Taula_Alumnes[[#This Row],[Estat]]="Pràctiques finalitzades","Finalitzades","Pendent")) -> Pendent | J4: Ell proposa empresa | K4: 48143710H | L4: 39154 | M4: =_xlfn.CONCAT(TEXT(_xlfn.DAYS(TODAY(),Taula_Alumnes[[#This Row],[Data Naixement]])/365,"##")," anys") -> 19 anys | N4: 622851303 | O4: 936562572 | P4: =IFERROR(VLOOKUP(Taula_Alumnes[[#This Row],[DNI/NIE/Passaport]],Questionari!D:O,11,FALSE),"") -> BALO 0 070313 00 9 | Q4: =IFERROR(VLOOKUP(Taula_Alumnes[[#This Row],[DNI/NIE/Passaport]],Questionari!D:O,12,FALSE),"-") -> 81472398735 | R4: ivan.barrios@sarria.salesians.cat | S4: =IFERROR(VLOOKUP(Taula_Alumnes[[#This Row],[DNI/NIE/Passaport]],Questionari!D:O,5,FALSE),"") -> C/Salvador Allende, 7-11 | T4: =IFERROR(VLOOKUP(Taula_Alumnes[[#This Row],[DNI/NIE/Passaport]],Questionari!D:O,6,FALSE),"") -> Sant Vicenç desl Horts | U4: =IFERROR(VLOOKUP(Taula_Alumnes[[#This Row],[DNI/NIE/Passaport]],Questionari!D:O,7,FALSE),"") -> 8620 | W4: Dual int. | X4: Pendent | Y4: Sense empresa
A5: 4 | B5: =HYPERLINK(_xlfn.CONCAT("D:\La meva unitat\FCT\Promoció 2025-27\Alumnes\",Taula_Alumnes[[#This Row],[Nom sencer]],"\CV_",Taula_Alumnes[[#This Row],[Nom sencer]],".pdf"),"CV") -> CV | C5: Benítes Zambrano | D5: David | E5: =_xlfn.CONCAT(TRIM(Taula_Alumnes[[#This Row],[Cognoms]]), ", ", TRIM(Taula_Alumnes[[#This Row],[Nom]])) -> Benítes Zambrano, David | F5: =COUNTIF(Seguiment!F:F,Taula_Alumnes[[#This Row],[Nom sencer]]) -> 4 | G5: =COUNTIF(Seguiment!G:G,Taula_Alumnes[[#This Row],[Nom sencer]])++COUNTIF(Seguiment!H:H,Taula_Alumnes[[#This Row],[Nom sencer]]) -> 4 | H5: =IF(Taula_Alumnes[[#This Row],[Env]]=Taula_Alumnes[[#This Row],[Reb/NT]],IF(Taula_Alumnes[[#This Row],[Ok]]="Pendent","Sí","No"),"No") -> Sí | I5: =IF(Taula_Alumnes[[#This Row],[Tipus]]=Taula_Alumnes[[#This Row],[Estat]],"Assignat",IF(Taula_Alumnes[[#This Row],[Estat]]="Pràctiques finalitzades","Finalitzades","Pendent")) -> Pendent | K5: 48096252D | L5: 38693 | M5: =_xlfn.CONCAT(TEXT(_xlfn.DAYS(TODAY(),Taula_Alumnes[[#This Row],[Data Naixement]])/365,"##")," anys") -> 20 anys | N5: 617342497 | O5: 617342497 | P5: =IFERROR(VLOOKUP(Taula_Alumnes[[#This Row],[DNI/NIE/Passaport]],Questionari!D:O,11,FALSE),"") -> BEZA 0 051207 00 7 | Q5: =IFERROR(VLOOKUP(Taula_Alumnes[[#This Row],[DNI/NIE/Passaport]],Questionari!D:O,12,FALSE),"-") -> 81473104108 | R5: david.benites@sarria.salesians.cat | S5: =IFERROR(VLOOKUP(Taula_Alumnes[[#This Row],[DNI/NIE/Passaport]],Questionari!D:O,5,FALSE),"") -> Rambla de Mercedes, 14 | T5: =IFERROR(VLOOKUP(Taula_Alumnes[[#This Row],[DNI/NIE/Passaport]],Questionari!D:O,6,FALSE),"") -> Barcelona | U5: =IFERROR(VLOOKUP(Taula_Alumnes[[#This Row],[DNI/NIE/Passaport]],Questionari!D:O,7,FALSE),"") -> 8024 | W5: Dual int. | X5: Pendent | Y5: Sense empresa
A6: 5 | B6: =HYPERLINK(_xlfn.CONCAT("D:\La meva unitat\FCT\Promoció 2025-27\Alumnes\",Taula_Alumnes[[#This Row],[Nom sencer]],"\CV_",Taula_Alumnes[[#This Row],[Nom sencer]],".pdf"),"CV") -> CV | C6: Bonfil Valldeperas | D6: Arnau | E6: =_xlfn.CONCAT(TRIM(Taula_Alumnes[[#This Row],[Cognoms]]), ", ", TRIM(Taula_Alumnes[[#This Row],[Nom]])) -> Bonfil Valldeperas, Arnau | F6: =COUNTIF(Seguiment!F:F,Taula_Alumnes[[#This Row],[Nom sencer]]) -> 1 | G6: =COUNTIF(Seguiment!G:G,Taula_Alumnes[[#This Row],[Nom sencer]])++COUNTIF(Seguiment!H:H,Taula_Alumnes[[#This Row],[Nom sencer]]) -> 0 | H6: =IF(Taula_Alumnes[[#This Row],[Env]]=Taula_Alumnes[[#This Row],[Reb/NT]],IF(Taula_Alumnes[[#This Row],[Ok]]="Pendent","Sí","No"),"No") -> No | I6: =IF(Taula_Alumnes[[#This Row],[Tipus]]=Taula_Alumnes[[#This Row],[Estat]],"Assignat",IF(Taula_Alumnes[[#This Row],[Estat]]="Pràctiques finalitzades","Finalitzades","Pendent")) -> Pendent | J6: A partir de Juny | K6: 23867160Z | L6: 39342 | M6: =_xlfn.CONCAT(TEXT(_xlfn.DAYS(TODAY(),Taula_Alumnes[[#This Row],[Data Naixement]])/365,"##")," anys") -> 19 anys | N6: 638383900 | O6: 937772211 | P6: =IFERROR(VLOOKUP(Taula_Alumnes[[#This Row],[DNI/NIE/Passaport]],Questionari!D:O,11,FALSE),"") -> BOVA 0 070917 00 3 | Q6: =IFERROR(VLOOKUP(Taula_Alumnes[[#This Row],[DNI/NIE/Passaport]],Questionari!D:O,12,FALSE),"-") -> 81472197459 | R6: arnau.bonfil@sarria.salesians.cat | S6: =IFERROR(VLOOKUP(Taula_Alumnes[[#This Row],[DNI/NIE/Passaport]],Questionari!D:O,5,FALSE),"") -> Carrer d'Amadeu Vives 15 1r 3ra | T6: =IFERROR(VLOOKUP(Taula_Alumnes[[#This Row],[DNI/NIE/Passaport]],Questionari!D:O,6,FALSE),"") -> Esparreguera | U6: =IFERROR(VLOOKUP(Taula_Alumnes[[#This Row],[DNI/NIE/Passaport]],Questionari!D:O,7,FALSE),"") -> 8292 | W6: Dual int. | X6: Pendent Conveni | Y6: Servei Meteorologic
A7: 6 | B7: =HYPERLINK(_xlfn.CONCAT("D:\La meva unitat\FCT\Promoció 2025-27\Alumnes\",Taula_Alumnes[[#This Row],[Nom sencer]],"\CV_",Taula_Alumnes[[#This Row],[Nom sencer]],".pdf"),"CV") -> CV | C7: Camps Atmetller | D7: Jan | E7: =_xlfn.CONCAT(TRIM(Taula_Alumnes[[#This Row],[Cognoms]]), ", ", TRIM(Taula_Alumnes[[#This Row],[Nom]])) -> Camps Atmetller, Jan | F7: =COUNTIF(Seguiment!F:F,Taula_Alumnes[[#This Row],[Nom sencer]]) -> 0 | G7: =COUNTIF(Seguiment!G:G,Taula_Alumnes[[#This Row],[Nom sencer]])++COUNTIF(Seguiment!H:H,Taula_Alumnes[[#This Row],[Nom sencer]]) -> 0 | H7: =IF(Taula_Alumnes[[#This Row],[Env]]=Taula_Alumnes[[#This Row],[Reb/NT]],IF(Taula_Alumnes[[#This Row],[Ok]]="Pendent","Sí","No"),"No") -> Sí | I7: =IF(Taula_Alumnes[[#This Row],[Tipus]]=Taula_Alumnes[[#This Row],[Estat]],"Assignat",IF(Taula_Alumnes[[#This Row],[Estat]]="Pràctiques finalitzades","Finalitzades","Pendent")) -> Pendent | J7: Convalidarà | K7: 48214499J | L7: 39239 | M7: =_xlfn.CONCAT(TEXT(_xlfn.DAYS(TODAY(),Taula_Alumnes[[#This Row],[Data Naixement]])/365,"##")," anys") -> 19 anys | N7: 722586444 | O7: 936974496 | P7: =IFERROR(VLOOKUP(Taula_Alumnes[[#This Row],[DNI/NIE/Passaport]],Questionari!D:O,11,FALSE),"") -> CAAT 0 070606 01 5 | Q7: =IFERROR(VLOOKUP(Taula_Alumnes[[#This Row],[DNI/NIE/Passaport]],Questionari!D:O,12,FALSE),"-") -> 281595167663 | R7: jan.camps@sarria.salesians.cat | S7: =IFERROR(VLOOKUP(Taula_Alumnes[[#This Row],[DNI/NIE/Passaport]],Questionari!D:O,5,FALSE),"") -> Carrer Sant Jaume nº 31 | T7: =IFERROR(VLOOKUP(Taula_Alumnes[[#This Row],[DNI/NIE/Passaport]],Questionari!D:O,6,FALSE),"") -> Rubí | U7: =IFERROR(VLOOKUP(Taula_Alumnes[[#This Row],[DNI/NIE/Passaport]],Questionari!D:O,7,FALSE),"") -> 8191 | W7: Convalidació | X7: Pendent | Y7: Sense empresa
A8: 7 | B8: =HYPERLINK(_xlfn.CONCAT("D:\La meva unitat\FCT\Promoció 2025-27\Alumnes\",Taula_Alumnes[[#This Row],[Nom sencer]],"\CV_",Taula_Alumnes[[#This Row],[Nom sencer]],".pdf"),"CV") -> CV | C8: Cebrián Piñeiro | D8: Rocco | E8: =_xlfn.CONCAT(TRIM(Taula_Alumnes[[#This Row],[Cognoms]]), ", ", TRIM(Taula_Alumnes[[#This Row],[Nom]])) -> Cebrián Piñeiro, Rocco | F8: =COUNTIF(Seguiment!F:F,Taula_Alumnes[[#This Row],[Nom sencer]]) -> 0 | G8: =COUNTIF(Seguiment!G:G,Taula_Alumnes[[#This Row],[Nom sencer]])++COUNTIF(Seguiment!H:H,Taula_Alumnes[[#This Row],[Nom sencer]]) -> 0 | H8: =IF(Taula_Alumnes[[#This Row],[Env]]=Taula_Alumnes[[#This Row],[Reb/NT]],IF(Taula_Alumnes[[#This Row],[Ok]]="Pendent","Sí","No"),"No") -> Sí | I8: =IF(Taula_Alumnes[[#This Row],[Tipus]]=Taula_Alumnes[[#This Row],[Estat]],"Assignat",IF(Taula_Alumnes[[#This Row],[Estat]]="Pràctiques finalitzades","Finalitzades","Pendent")) -> Pendent | K8: 49820745P | L8: 39378 | M8: =_xlfn.CONCAT(TEXT(_xlfn.DAYS(TODAY(),Taula_Alumnes[[#This Row],[Data Naixement]])/365,"##")," anys") -> 19 anys | N8: 676023741 | O8: 656321228 | P8: =IFERROR(VLOOKUP(Taula_Alumnes[[#This Row],[DNI/NIE/Passaport]],Questionari!D:O,11,FALSE),"") -> CEPI 0 071023 00 5 | Q8: =IFERROR(VLOOKUP(Taula_Alumnes[[#This Row],[DNI/NIE/Passaport]],Questionari!D:O,12,FALSE),"-") -> 81379105448 | R8: rocco.cebrian@sarria.salesians.cat | S8: =IFERROR(VLOOKUP(Taula_Alumnes[[#This Row],[DNI/NIE/Passaport]],Questionari!D:O,5,FALSE),"") -> Carolina catasus i bosch | T8: =IFERROR(VLOOKUP(Taula_Alumnes[[#This Row],[DNI/NIE/Passaport]],Questionari!D:O,6,FALSE),"") -> Sant Feliu de Llobregat | U8: =IFERROR(VLOOKUP(Taula_Alumnes[[#This Row],[DNI/NIE/Passaport]],Questionari!D:O,7,FALSE),"") -> 8980 | W8: Dual gen. | X8: Pendent | Y8: Sense empresa
A9: 8 | B9: =HYPERLINK(_xlfn.CONCAT("D:\La meva unitat\FCT\Promoció 2025-27\Alumnes\",Taula_Alumnes[[#This Row],[Nom sencer]],"\CV_",Taula_Alumnes[[#This Row],[Nom sencer]],".pdf"),"CV") -> CV | C9: Chavero Grande | D9: Pau | E9: =_xlfn.CONCAT(TRIM(Taula_Alumnes[[#This Row],[Cognoms]]), ", ", TRIM(Taula_Alumnes[[#This Row],[Nom]])) -> Chavero Grande, Pau | F9: =COUNTIF(Seguiment!F:F,Taula_Alumnes[[#This Row],[Nom sencer]]) -> 1 | G9: =COUNTIF(Seguiment!G:G,Taula_Alumnes[[#This Row],[Nom sencer]])++COUNTIF(Seguiment!H:H,Taula_Alumnes[[#This Row],[Nom sencer]]) -> 1 | H9: =IF(Taula_Alumnes[[#This Row],[Env]]=Taula_Alumnes[[#This Row],[Reb/NT]],IF(Taula_Alumnes[[#This Row],[Ok]]="Pendent","Sí","No"),"No") -> Sí | I9: =IF(Taula_Alumnes[[#This Row],[Tipus]]=Taula_Alumnes[[#This Row],[Estat]],"Assignat",IF(Taula_Alumnes[[#This Row],[Estat]]="Pràctiques finalitzades","Finalitzades","Pendent")) -> Pendent | K9: 39479024F | L9: 39078 | M9: =_xlfn.CONCAT(TEXT(_xlfn.DAYS(TODAY(),Taula_Alumnes[[#This Row],[Data Naixement]])/365,"##")," anys") -> 19 anys | N9: 691095180 | O9: 933501731 | P9: =IFERROR(VLOOKUP(Taula_Alumnes[[#This Row],[DNI/NIE/Passaport]],Questionari!D:O,11,FALSE),"") -> CHGR 0 061227 00 5 | Q9: =IFERROR(VLOOKUP(Taula_Alumnes[[#This Row],[DNI/NIE/Passaport]],Questionari!D:O,12,FALSE),"-") -> 81472172096 | R9: pau.chavero@sarria.salesians.cat | S9: =IFERROR(VLOOKUP(Taula_Alumnes[[#This Row],[DNI/NIE/Passaport]],Questionari!D:O,5,FALSE),"") -> Carrer del japò 29 2-2 | T9: =IFERROR(VLOOKUP(Taula_Alumnes[[#This Row],[DNI/NIE/Passaport]],Questionari!D:O,6,FALSE),"") -> Barcelona | U9: =IFERROR(VLOOKUP(Taula_Alumnes[[#This Row],[DNI/NIE/Passaport]],Questionari!D:O,7,FALSE),"") -> 8016 | W9: Dual int. | X9: Pendent | Y9: Sense empresa
A10: 10 | B10: =HYPERLINK(_xlfn.CONCAT("D:\La meva unitat\FCT\Promoció 2025-27\Alumnes\",Taula_Alumnes[[#This Row],[Nom sencer]],"\CV_",Taula_Alumnes[[#This Row],[Nom sencer]],".pdf"),"CV") -> CV | C10: Corbelle Padin | D10: Iago | E10: =_xlfn.CONCAT(TRIM(Taula_Alumnes[[#This Row],[Cognoms]]), ", ", TRIM(Taula_Alumnes[[#This Row],[Nom]])) -> Corbelle Padin, Iago | F10: =COUNTIF(Seguiment!F:F,Taula_Alumnes[[#This Row],[Nom sencer]]) -> 1 | G10: =COUNTIF(Seguiment!G:G,Taula_Alumnes[[#This Row],[Nom sencer]])++COUNTIF(Seguiment!H:H,Taula_Alumnes[[#This Row],[Nom sencer]]) -> 0 | H10: =IF(Taula_Alumnes[[#This Row],[Env]]=Taula_Alumnes[[#This Row],[Reb/NT]],IF(Taula_Alumnes[[#This Row],[Ok]]="Pendent","Sí","No"),"No") -> No | I10: =IF(Taula_Alumnes[[#This Row],[Tipus]]=Taula_Alumnes[[#This Row],[Estat]],"Assignat",IF(Taula_Alumnes[[#This Row],[Estat]]="Pràctiques finalitzades","Finalitzades","Pendent")) -> Pendent | J10: Ell proposa empresa | K10: 45182681D | L10: 39291 | M10: =_xlfn.CONCAT(TEXT(_xlfn.DAYS(TODAY(),Taula_Alumnes[[#This Row],[Data Naixement]])/365,"##")," anys") -> 19 anys | N10: 648635894 | O10: 936651676 | P10: =IFERROR(VLOOKUP(Taula_Alumnes[[#This Row],[DNI/NIE/Passaport]],Questionari!D:O,11,FALSE),"") -> COPA 0 070728 00 9 | Q10: =IFERROR(VLOOKUP(Taula_Alumnes[[#This Row],[DNI/NIE/Passaport]],Questionari!D:O,12,FALSE),"-") -> 81472194126 | R10: iago.corbelle@sarria.salesians.cat | S10: =IFERROR(VLOOKUP(Taula_Alumnes[[#This Row],[DNI/NIE/Passaport]],Questionari!D:O,5,FALSE),"") -> Av 300 n83 | T10: =IFERROR(VLOOKUP(Taula_Alumnes[[#This Row],[DNI/NIE/Passaport]],Questionari!D:O,6,FALSE),"") -> Castelldefels | U10: =IFERROR(VLOOKUP(Taula_Alumnes[[#This Row],[DNI/NIE/Passaport]],Questionari!D:O,7,FALSE),"") -> 8860 | W10: Dual gen. | X10: Pendent | Y10: Sense empresa
A11: 11 | B11: =HYPERLINK(_xlfn.CONCAT("D:\La meva unitat\FCT\Promoció 2025-27\Alumnes\",Taula_Alumnes[[#This Row],[Nom sencer]],"\CV_",Taula_Alumnes[[#This Row],[Nom sencer]],".pdf"),"CV") -> CV | C11: Dublanche | D11: Alexis Stéphane Fran | E11: =_xlfn.CONCAT(TRIM(Taula_Alumnes[[#This Row],[Cognoms]]), ", ", TRIM(Taula_Alumnes[[#This Row],[Nom]])) -> Dublanche, Alexis Stéphane Fran | F11: =COUNTIF(Seguiment!F:F,Taula_Alumnes[[#This Row],[Nom sencer]]) -> 1 | G11: =COUNTIF(Seguiment!G:G,Taula_Alumnes[[#This Row],[Nom sencer]])++COUNTIF(Seguiment!H:H,Taula_Alumnes[[#This Row],[Nom sencer]]) -> 1 | H11: =IF(Taula_Alumnes[[#This Row],[Env]]=Taula_Alumnes[[#This Row],[Reb/NT]],IF(Taula_Alumnes[[#This Row],[Ok]]="Pendent","Sí","No"),"No") -> Sí | I11: =IF(Taula_Alumnes[[#This Row],[Tipus]]=Taula_Alumnes[[#This Row],[Estat]],"Assignat",IF(Taula_Alumnes[[#This Row],[Estat]]="Pràctiques finalitzades","Finalitzades","Pendent")) -> Pendent | K11: Y4571921H | L11: 39014 | M11: =_xlfn.CONCAT(TEXT(_xlfn.DAYS(TODAY(),Taula_Alumnes[[#This Row],[Data Naixement]])/365,"##")," anys") -> 20 anys | N11: 663082944 | O11: 695456973 | P11: =IFERROR(VLOOKUP(Taula_Alumnes[[#This Row],[DNI/NIE/Passaport]],Questionari!D:O,11,FALSE),"") -> DUBL 0 061024 00 9 | Q11: =IFERROR(VLOOKUP(Taula_Alumnes[[#This Row],[DNI/NIE/Passaport]],Questionari!D:O,12,FALSE),"-") -> 81513502685 | R11: asf.dublanche@sarria.salesians.cat | S11: =IFERROR(VLOOKUP(Taula_Alumnes[[#This Row],[DNI/NIE/Passaport]],Questionari!D:O,5,FALSE),"") -> Carrer del Dipòsit, 6 | T11: =IFERROR(VLOOKUP(Taula_Alumnes[[#This Row],[DNI/NIE/Passaport]],Questionari!D:O,6,FALSE),"") -> Sant Cugat del Vallès | U11: =IFERROR(VLOOKUP(Taula_Alumnes[[#This Row],[DNI/NIE/Passaport]],Questionari!D:O,7,FALSE),"") -> 8198 | W11: Dual int. | X11: Pendent | Y11: Sense empresa
A12: 13 | B12: =HYPERLINK(_xlfn.CONCAT("D:\La meva unitat\FCT\Promoció 2025-27\Alumnes\",Taula_Alumnes[[#This Row],[Nom sencer]],"\CV_",Taula_Alumnes[[#This Row],[Nom sencer]],".pdf"),"CV") -> CV | C12: Espejo Martínez | D12: Ivan | E12: =_xlfn.CONCAT(TRIM(Taula_Alumnes[[#This Row],[Cognoms]]), ", ", TRIM(Taula_Alumnes[[#This Row],[Nom]])) -> Espejo Martínez, Ivan | F12: =COUNTIF(Seguiment!F:F,Taula_Alumnes[[#This Row],[Nom sencer]]) -> 1 | G12: =COUNTIF(Seguiment!G:G,Taula_Alumnes[[#This Row],[Nom sencer]])++COUNTIF(Seguiment!H:H,Taula_Alumnes[[#This Row],[Nom sencer]]) -> 0 | H12: =IF(Taula_Alumnes[[#This Row],[Env]]=Taula_Alumnes[[#This Row],[Reb/NT]],IF(Taula_Alumnes[[#This Row],[Ok]]="Pendent","Sí","No"),"No") -> No | I12: =IF(Taula_Alumnes[[#This Row],[Tipus]]=Taula_Alumnes[[#This Row],[Estat]],"Assignat",IF(Taula_Alumnes[[#This Row],[Estat]]="Pràctiques finalitzades","Finalitzades","Pendent")) -> Assignat | K12: 47264213H | L12: 38734 | M12: =_xlfn.CONCAT(TEXT(_xlfn.DAYS(TODAY(),Taula_Alumnes[[#This Row],[Data Naixement]])/365,"##")," anys") -> 20 anys | N12: 679330382 | O12: 933360808 | P12: =IFERROR(VLOOKUP(Taula_Alumnes[[#This Row],[DNI/NIE/Passaport]],Questionari!D:O,11,FALSE),"") -> ESMA 0 060117 00 9 | Q12: =IFERROR(VLOOKUP(Taula_Alumnes[[#This Row],[DNI/NIE/Passaport]],Questionari!D:O,12,FALSE),"-") -> 81472210391 | R12: ivan.espejo@sarria.salesians.cat | S12: =IFERROR(VLOOKUP(Taula_Alumnes[[#This Row],[DNI/NIE/Passaport]],Questionari!D:O,5,FALSE),"") -> Carrer Igualtat 51-53 1rA Esc.Izq | T12: =IFERROR(VLOOKUP(Taula_Alumnes[[#This Row],[DNI/NIE/Passaport]],Questionari!D:O,6,FALSE),"") -> L'Hospitalet de Llobregat | U12: =IFERROR(VLOOKUP(Taula_Alumnes[[#This Row],[DNI/NIE/Passaport]],Questionari!D:O,7,FALSE),"") -> 8902 | W12: Dual int. | X12: Dual int. | Y12: TOBEIT SL | Z12: Daniel Roldan Buades | AA12: 637205861 | AB12: d.roldan@tobeit.es | AC12: 48575707Y | AD12: 46119 | AE12: 46437 | AF12: 1014
A13: 14 | B13: =HYPERLINK(_xlfn.CONCAT("D:\La meva unitat\FCT\Promoció 2025-27\Alumnes\",Taula_Alumnes[[#This Row],[Nom sencer]],"\CV_",Taula_Alumnes[[#This Row],[Nom sencer]],".pdf"),"CV") -> CV | C13: Farré Marín | D13: Joan | E13: =_xlfn.CONCAT(TRIM(Taula_Alumnes[[#This Row],[Cognoms]]), ", ", TRIM(Taula_Alumnes[[#This Row],[Nom]])) -> Farré Marín, Joan | F13: =COUNTIF(Seguiment!F:F,Taula_Alumnes[[#This Row],[Nom sencer]]) -> 0 | G13: =COUNTIF(Seguiment!G:G,Taula_Alumnes[[#This Row],[Nom sencer]])++COUNTIF(Seguiment!H:H,Taula_Alumnes[[#This Row],[Nom sencer]]) -> 0 | H13: =IF(Taula_Alumnes[[#This Row],[Env]]=Taula_Alumnes[[#This Row],[Reb/NT]],IF(Taula_Alumnes[[#This Row],[Ok]]="Pendent","Sí","No"),"No") -> Sí | I13: =IF(Taula_Alumnes[[#This Row],[Tipus]]=Taula_Alumnes[[#This Row],[Estat]],"Assignat",IF(Taula_Alumnes[[#This Row],[Estat]]="Pràctiques finalitzades","Finalitzades","Pendent")) -> Pendent | K13: 48073477G | L13: 38782 | M13: =_xlfn.CONCAT(TEXT(_xlfn.DAYS(TODAY(),Taula_Alumnes[[#This Row],[Data Naixement]])/365,"##")," anys") -> 20 anys | N13: 673319530 | P13: =IFERROR(VLOOKUP(Taula_Alumnes[[#This Row],[DNI/NIE/Passaport]],Questionari!D:O,11,FALSE),"") -> FAMA 0 060306 00 2 | Q13: =IFERROR(VLOOKUP(Taula_Alumnes[[#This Row],[DNI/NIE/Passaport]],Questionari!D:O,12,FALSE),"-") -> 81499953910 | R13: joan.farre.25@sarria.salesians.cat | S13: =IFERROR(VLOOKUP(Taula_Alumnes[[#This Row],[DNI/NIE/Passaport]],Questionari!D:O,5,FALSE),"") -> C: Ma Aurelia Capmany 18, 1-1 | T13: =IFERROR(VLOOKUP(Taula_Alumnes[[#This Row],[DNI/NIE/Passaport]],Questionari!D:O,6,FALSE),"") -> Cornella De Llobregat | U13: =IFERROR(VLOOKUP(Taula_Alumnes[[#This Row],[DNI/NIE/Passaport]],Questionari!D:O,7,FALSE),"") -> 8940 | W13: Dual int. | X13: Pendent | Y13: Sense empresa
A14: 15 | B14: =HYPERLINK(_xlfn.CONCAT("D:\La meva unitat\FCT\Promoció 2025-27\Alumnes\",Taula_Alumnes[[#This Row],[Nom sencer]],"\CV_",Taula_Alumnes[[#This Row],[Nom sencer]],".pdf"),"CV") -> CV | C14: Fernandes Teixeira | D14: Sebastian Samuel | E14: =_xlfn.CONCAT(TRIM(Taula_Alumnes[[#This Row],[Cognoms]]), ", ", TRIM(Taula_Alumnes[[#This Row],[Nom]])) -> Fernandes Teixeira, Sebastian Samuel | F14: =COUNTIF(Seguiment!F:F,Taula_Alumnes[[#This Row],[Nom sencer]]) -> 3 | G14: =COUNTIF(Seguiment!G:G,Taula_Alumnes[[#This Row],[Nom sencer]])++COUNTIF(Seguiment!H:H,Taula_Alumnes[[#This Row],[Nom sencer]]) -> 2 | H14: =IF(Taula_Alumnes[[#This Row],[Env]]=Taula_Alumnes[[#This Row],[Reb/NT]],IF(Taula_Alumnes[[#This Row],[Ok]]="Pendent","Sí","No"),"No") -> No | I14: =IF(Taula_Alumnes[[#This Row],[Tipus]]=Taula_Alumnes[[#This Row],[Estat]],"Assignat",IF(Taula_Alumnes[[#This Row],[Estat]]="Pràctiques finalitzades","Finalitzades","Pendent")) -> Assignat | K14: Y5172222L | L14: 38468 | M14: =_xlfn.CONCAT(TEXT(_xlfn.DAYS(TODAY(),Taula_Alumnes[[#This Row],[Data Naixement]])/365,"##")," anys") -> 21 anys | N14: 662933188 | O14: 698309619 | P14: =IFERROR(VLOOKUP(Taula_Alumnes[[#This Row],[DNI/NIE/Passaport]],Questionari!D:O,11,FALSE),"") -> FETE 0 050426 00 4 | Q14: =IFERROR(VLOOKUP(Taula_Alumnes[[#This Row],[DNI/NIE/Passaport]],Questionari!D:O,12,FALSE),"-") -> 81357068563 | R14: ss.fernandes@sarria.salesians.cat | S14: =IFERROR(VLOOKUP(Taula_Alumnes[[#This Row],[DNI/NIE/Passaport]],Questionari!D:O,5,FALSE),"") -> Avinguda del Puig de Rimila 10 | T14: =IFERROR(VLOOKUP(Taula_Alumnes[[#This Row],[DNI/NIE/Passaport]],Questionari!D:O,6,FALSE),"") -> Sant Cugat del Vallès | U14: =IFERROR(VLOOKUP(Taula_Alumnes[[#This Row],[DNI/NIE/Passaport]],Questionari!D:O,7,FALSE),"") -> 8173 | W14: Dual int. | X14: Dual int. | Y14: Ingens-Networks | Z14: José Pintado | AA14: 934226655 | AB14: jose.pintado@ingens-networks.com | AC14: 43447542J | AD14: 46147 | AE14: 46535 | AF14: 980
A15: 16 | B15: =HYPERLINK(_xlfn.CONCAT("D:\La meva unitat\FCT\Promoció 2025-27\Alumnes\",Taula_Alumnes[[#This Row],[Nom sencer]],"\CV_",Taula_Alumnes[[#This Row],[Nom sencer]],".pdf"),"CV") -> CV | C15: Gallego Pérez | D15: Dídac | E15: =_xlfn.CONCAT(TRIM(Taula_Alumnes[[#This Row],[Cognoms]]), ", ", TRIM(Taula_Alumnes[[#This Row],[Nom]])) -> Gallego Pérez, Dídac | F15: =COUNTIF(Seguiment!F:F,Taula_Alumnes[[#This Row],[Nom sencer]]) -> 0 | G15: =COUNTIF(Seguiment!G:G,Taula_Alumnes[[#This Row],[Nom sencer]])++COUNTIF(Seguiment!H:H,Taula_Alumnes[[#This Row],[Nom sencer]]) -> 0 | H15: =IF(Taula_Alumnes[[#This Row],[Env]]=Taula_Alumnes[[#This Row],[Reb/NT]],IF(Taula_Alumnes[[#This Row],[Ok]]="Pendent","Sí","No"),"No") -> Sí | I15: =IF(Taula_Alumnes[[#This Row],[Tipus]]=Taula_Alumnes[[#This Row],[Estat]],"Assignat",IF(Taula_Alumnes[[#This Row],[Estat]]="Pràctiques finalitzades","Finalitzades","Pendent")) -> Pendent | J15: A partir de Setembre, està cobrant l'atur | K15: 49931779K | L15: 38840 | M15: =_xlfn.CONCAT(TEXT(_xlfn.DAYS(TODAY(),Taula_Alumnes[[#This Row],[Data Naixement]])/365,"##")," anys") -> 20 anys | N15: 651854058 | O15: 622543517 | P15: =IFERROR(VLOOKUP(Taula_Alumnes[[#This Row],[DNI/NIE/Passaport]],Questionari!D:O,11,FALSE),"") | Q15: =IFERROR(VLOOKUP(Taula_Alumnes[[#This Row],[DNI/NIE/Passaport]],Questionari!D:O,12,FALSE),"-") -> - | R15: didac.gallego@sarria.salesians.cat | S15: =IFERROR(VLOOKUP(Taula_Alumnes[[#This Row],[DNI/NIE/Passaport]],Questionari!D:O,5,FALSE),"") | T15: =IFERROR(VLOOKUP(Taula_Alumnes[[#This Row],[DNI/NIE/Passaport]],Questionari!D:O,6,FALSE),"") | U15: =IFERROR(VLOOKUP(Taula_Alumnes[[#This Row],[DNI/NIE/Passaport]],Questionari!D:O,7,FALSE),"") | W15: Dual int. | X15: Pendent | Y15: Sense empresa
A16: 17 | B16: =HYPERLINK(_xlfn.CONCAT("D:\La meva unitat\FCT\Promoció 2025-27\Alumnes\",Taula_Alumnes[[#This Row],[Nom sencer]],"\CV_",Taula_Alumnes[[#This Row],[Nom sencer]],".pdf"),"CV") -> CV | C16: Guerra Alberti | D16: Edgar | E16: =_xlfn.CONCAT(TRIM(Taula_Alumnes[[#This Row],[Cognoms]]), ", ", TRIM(Taula_Alumnes[[#This Row],[Nom]])) -> Guerra Alberti, Edgar | F16: =COUNTIF(Seguiment!F:F,Taula_Alumnes[[#This Row],[Nom sencer]]) -> 0 | G16: =COUNTIF(Seguiment!G:G,Taula_Alumnes[[#This Row],[Nom sencer]])++COUNTIF(Seguiment!H:H,Taula_Alumnes[[#This Row],[Nom sencer]]) -> 0 | H16: =IF(Taula_Alumnes[[#This Row],[Env]]=Taula_Alumnes[[#This Row],[Reb/NT]],IF(Taula_Alumnes[[#This Row],[Ok]]="Pendent","Sí","No"),"No") -> Sí | I16: =IF(Taula_Alumnes[[#This Row],[Tipus]]=Taula_Alumnes[[#This Row],[Estat]],"Assignat",IF(Taula_Alumnes[[#This Row],[Estat]]="Pràctiques finalitzades","Finalitzades","Pendent")) -> Pendent | J16: Ell proposa empresa | K16: 39403670R | L16: 34367 | M16: =_xlfn.CONCAT(TEXT(_xlfn.DAYS(TODAY(),Taula_Alumnes[[#This Row],[Data Naixement]])/365,"##")," anys") -> 32 anys | N16: 691138993 | P16: =IFERROR(VLOOKUP(Taula_Alumnes[[#This Row],[DNI/NIE/Passaport]],Questionari!D:O,11,FALSE),"") -> GUAL 0 940202 00 2 | Q16: =IFERROR(VLOOKUP(Taula_Alumnes[[#This Row],[DNI/NIE/Passaport]],Questionari!D:O,12,FALSE),"-") -> 81217190826 | R16: edgar.guerra.25@sarria.salesians.cat | S16: =IFERROR(VLOOKUP(Taula_Alumnes[[#This Row],[DNI/NIE/Passaport]],Questionari!D:O,5,FALSE),"") -> Rambla Badal 36, 5-2, Escalera B | T16: =IFERROR(VLOOKUP(Taula_Alumnes[[#This Row],[DNI/NIE/Passaport]],Questionari!D:O,6,FALSE),"") -> Barcelona | U16: =IFERROR(VLOOKUP(Taula_Alumnes[[#This Row],[DNI/NIE/Passaport]],Questionari!D:O,7,FALSE),"") -> 8014 | W16: Dual int. | X16: Pendent | Y16: Sense empresa
A17: 18 | B17: =HYPERLINK(_xlfn.CONCAT("D:\La meva unitat\FCT\Promoció 2025-27\Alumnes\",Taula_Alumnes[[#This Row],[Nom sencer]],"\CV_",Taula_Alumnes[[#This Row],[Nom sencer]],".pdf"),"CV") -> CV | C17: Guillamon Uzñate | D17: Arnau | E17: =_xlfn.CONCAT(TRIM(Taula_Alumnes[[#This Row],[Cognoms]]), ", ", TRIM(Taula_Alumnes[[#This Row],[Nom]])) -> Guillamon Uzñate, Arnau | F17: =COUNTIF(Seguiment!F:F,Taula_Alumnes[[#This Row],[Nom sencer]]) -> 4 | G17: =COUNTIF(Seguiment!G:G,Taula_Alumnes[[#This Row],[Nom sencer]])++COUNTIF(Seguiment!H:H,Taula_Alumnes[[#This Row],[Nom sencer]]) -> 1 | H17: =IF(Taula_Alumnes[[#This Row],[Env]]=Taula_Alumnes[[#This Row],[Reb/NT]],IF(Taula_Alumnes[[#This Row],[Ok]]="Pendent","Sí","No"),"No") -> No | I17: =IF(Taula_Alumnes[[#This Row],[Tipus]]=Taula_Alumnes[[#This Row],[Estat]],"Assignat",IF(Taula_Alumnes[[#This Row],[Estat]]="Pràctiques finalitzades","Finalitzades","Pendent")) -> Pendent | K17: 49782841P | L17: 39063 | M17: =_xlfn.CONCAT(TEXT(_xlfn.DAYS(TODAY(),Taula_Alumnes[[#This Row],[Data Naixement]])/365,"##")," anys") -> 19 anys | N17: 645922414 | O17: 934742414 | P17: =IFERROR(VLOOKUP(Taula_Alumnes[[#This Row],[DNI/NIE/Passaport]],Questionari!D:O,11,FALSE),"") -> GUUZ 0 061212 00 3 | Q17: =IFERROR(VLOOKUP(Taula_Alumnes[[#This Row],[DNI/NIE/Passaport]],Questionari!D:O,12,FALSE),"-") -> 81377464734 | R17: arnau.guillamon@sarria.salesians.cat | S17: =IFERROR(VLOOKUP(Taula_Alumnes[[#This Row],[DNI/NIE/Passaport]],Questionari!D:O,5,FALSE),"") -> Joana Raspall 11 | T17: =IFERROR(VLOOKUP(Taula_Alumnes[[#This Row],[DNI/NIE/Passaport]],Questionari!D:O,6,FALSE),"") -> Sant Feliu de Llobregat | U17: =IFERROR(VLOOKUP(Taula_Alumnes[[#This Row],[DNI/NIE/Passaport]],Questionari!D:O,7,FALSE),"") -> 8980 | W17: Dual gen. | X17: Pendent Conveni | Y17: NetLand
A18: 19 | B18: =HYPERLINK(_xlfn.CONCAT("D:\La meva unitat\FCT\Promoció 2025-27\Alumnes\",Taula_Alumnes[[#This Row],[Nom sencer]],"\CV_",Taula_Alumnes[[#This Row],[Nom sencer]],".pdf"),"CV") -> CV | C18: Jurado Borrell | D18: Hugo | E18: =_xlfn.CONCAT(TRIM(Taula_Alumnes[[#This Row],[Cognoms]]), ", ", TRIM(Taula_Alumnes[[#This Row],[Nom]])) -> Jurado Borrell, Hugo | F18: =COUNTIF(Seguiment!F:F,Taula_Alumnes[[#This Row],[Nom sencer]]) -> 2 | G18: =COUNTIF(Seguiment!G:G,Taula_Alumnes[[#This Row],[Nom sencer]])++COUNTIF(Seguiment!H:H,Taula_Alumnes[[#This Row],[Nom sencer]]) -> 2 | H18: =IF(Taula_Alumnes[[#This Row],[Env]]=Taula_Alumnes[[#This Row],[Reb/NT]],IF(Taula_Alumnes[[#This Row],[Ok]]="Pendent","Sí","No"),"No") -> Sí | I18: =IF(Taula_Alumnes[[#This Row],[Tipus]]=Taula_Alumnes[[#This Row],[Estat]],"Assignat",IF(Taula_Alumnes[[#This Row],[Estat]]="Pràctiques finalitzades","Finalitzades","Pendent")) -> Pendent | K18: 23926317S | L18: 39162 | M18: =_xlfn.CONCAT(TEXT(_xlfn.DAYS(TODAY(),Taula_Alumnes[[#This Row],[Data Naixement]])/365,"##")," anys") -> 19 anys | N18: 639339785 | O18: 639339785 | P18: =IFERROR(VLOOKUP(Taula_Alumnes[[#This Row],[DNI/NIE/Passaport]],Questionari!D:O,11,FALSE),"") -> JUBO 0 070321 00 5 | Q18: =IFERROR(VLOOKUP(Taula_Alumnes[[#This Row],[DNI/NIE/Passaport]],Questionari!D:O,12,FALSE),"-") -> 81378007227 | R18: hugo.jurado@sarria.salesians.cat | S18: =IFERROR(VLOOKUP(Taula_Alumnes[[#This Row],[DNI/NIE/Passaport]],Questionari!D:O,5,FALSE),"") -> Avinguda de Josep Ferrer i Domingo, 4 | T18: =IFERROR(VLOOKUP(Taula_Alumnes[[#This Row],[DNI/NIE/Passaport]],Questionari!D:O,6,FALSE),"") -> Rubí | U18: =IFERROR(VLOOKUP(Taula_Alumnes[[#This Row],[DNI/NIE/Passaport]],Questionari!D:O,7,FALSE),"") -> 8191 | W18: Dual int. | X18: Pendent | Y18: Sense empresa
A19: 20 | B19: =HYPERLINK(_xlfn.CONCAT("D:\La meva unitat\FCT\Promoció 2025-27\Alumnes\",Taula_Alumnes[[#This Row],[Nom sencer]],"\CV_",Taula_Alumnes[[#This Row],[Nom sencer]],".pdf"),"CV") -> CV | C19: Lucas Jerez | D19: Hector | E19: =_xlfn.CONCAT(TRIM(Taula_Alumnes[[#This Row],[Cognoms]]), ", ", TRIM(Taula_Alumnes[[#This Row],[Nom]])) -> Lucas Jerez, Hector | F19: =COUNTIF(Seguiment!F:F,Taula_Alumnes[[#This Row],[Nom sencer]]) -> 1 | G19: =COUNTIF(Seguiment!G:G,Taula_Alumnes[[#This Row],[Nom sencer]])++COUNTIF(Seguiment!H:H,Taula_Alumnes[[#This Row],[Nom sencer]]) -> 0 | H19: =IF(Taula_Alumnes[[#This Row],[Env]]=Taula_Alumnes[[#This Row],[Reb/NT]],IF(Taula_Alumnes[[#This Row],[Ok]]="Pendent","Sí","No"),"No") -> No | I19: =IF(Taula_Alumnes[[#This Row],[Tipus]]=Taula_Alumnes[[#This Row],[Estat]],"Assignat",IF(Taula_Alumnes[[#This Row],[Estat]]="Pràctiques finalitzades","Finalitzades","Pendent")) -> Assignat | K19: 49287946G | L19: 39258 | M19: =_xlfn.CONCAT(TEXT(_xlfn.DAYS(TODAY(),Taula_Alumnes[[#This Row],[Data Naixement]])/365,"##")," anys") -> 19 anys | N19: 607407685 | O19: 937759573 | P19: =IFERROR(VLOOKUP(Taula_Alumnes[[#This Row],[DNI/NIE/Passaport]],Questionari!D:O,11,FALSE),"") -> LUJE 0 070625 00 5 | Q19: =IFERROR(VLOOKUP(Taula_Alumnes[[#This Row],[DNI/NIE/Passaport]],Questionari!D:O,12,FALSE),"-") -> 81472197863 | R19: hector.lucas@sarria.salesians.cat | S19: =IFERROR(VLOOKUP(Taula_Alumnes[[#This Row],[DNI/NIE/Passaport]],Questionari!D:O,5,FALSE),"") -> Carrer Ullastrell, 38 08630 Abrera, Barcelona | T19: =IFERROR(VLOOKUP(Taula_Alumnes[[#This Row],[DNI/NIE/Passaport]],Questionari!D:O,6,FALSE),"") -> Abrera | U19: =IFERROR(VLOOKUP(Taula_Alumnes[[#This Row],[DNI/NIE/Passaport]],Questionari!D:O,7,FALSE),"") -> 8630 | W19: Dual gen. | X19: Dual gen. | Y19: DeInfo | Z19: Guillermo Puig Sans | AA19: 934176400 | AB19: gpuig@deinfo.es | AC19: 46126178T | AD19: 46119 | AE19: 46203 | AF19: 320 | AG19: Faltaran hores
A20: 22 | B20: =HYPERLINK(_xlfn.CONCAT("D:\La meva unitat\FCT\Promoció 2025-27\Alumnes\",Taula_Alumnes[[#This Row],[Nom sencer]],"\CV_",Taula_Alumnes[[#This Row],[Nom sencer]],".pdf"),"CV") -> CV | C20: Miller Villalobos | D20: Sheila | E20: =_xlfn.CONCAT(TRIM(Taula_Alumnes[[#This Row],[Cognoms]]), ", ", TRIM(Taula_Alumnes[[#This Row],[Nom]])) -> Miller Villalobos, Sheila | F20: =COUNTIF(Seguiment!F:F,Taula_Alumnes[[#This Row],[Nom sencer]]) -> 4 | G20: =COUNTIF(Seguiment!G:G,Taula_Alumnes[[#This Row],[Nom sencer]])++COUNTIF(Seguiment!H:H,Taula_Alumnes[[#This Row],[Nom sencer]]) -> 3 | H20: =IF(Taula_Alumnes[[#This Row],[Env]]=Taula_Alumnes[[#This Row],[Reb/NT]],IF(Taula_Alumnes[[#This Row],[Ok]]="Pendent","Sí","No"),"No") -> No | I20: =IF(Taula_Alumnes[[#This Row],[Tipus]]=Taula_Alumnes[[#This Row],[Estat]],"Assignat",IF(Taula_Alumnes[[#This Row],[Estat]]="Pràctiques finalitzades","Finalitzades","Pendent")) -> Assignat | K20: 49184848S | L20: 39322 | M20: =_xlfn.CONCAT(TEXT(_xlfn.DAYS(TODAY(),Taula_Alumnes[[#This Row],[Data Naixement]])/365,"##")," anys") -> 19 anys | N20: 602464071 | O20: 691041967 | P20: =IFERROR(VLOOKUP(Taula_Alumnes[[#This Row],[DNI/NIE/Passaport]],Questionari!D:O,11,FALSE),"") -> MIVI 1 070828 00 6 | Q20: =IFERROR(VLOOKUP(Taula_Alumnes[[#This Row],[DNI/NIE/Passaport]],Questionari!D:O,12,FALSE),"-") -> 81516553236 | R20: sheila.miller.25@sarria.salesians.cat | S20: =IFERROR(VLOOKUP(Taula_Alumnes[[#This Row],[DNI/NIE/Passaport]],Questionari!D:O,5,FALSE),"") -> Carrer Mineria 1, esc.A, pis 5, porta 8 | T20: =IFERROR(VLOOKUP(Taula_Alumnes[[#This Row],[DNI/NIE/Passaport]],Questionari!D:O,6,FALSE),"") -> Barcelona | U20: =IFERROR(VLOOKUP(Taula_Alumnes[[#This Row],[DNI/NIE/Passaport]],Questionari!D:O,7,FALSE),"") -> 8038 | W20: Dual gen. | X20: Dual gen. | Y20: Atrevia | Z20: MARCO ARROM ZANUTTI | AA20: 630106718 | AB20: marrom@atrevia.com | AC20: 53412413L | AD20: 46160 | AE20: 46220 | AF20: 291 | AG20: Faltaran hores
A21: 23 | B21: =HYPERLINK(_xlfn.CONCAT("D:\La meva unitat\FCT\Promoció 2025-27\Alumnes\",Taula_Alumnes[[#This Row],[Nom sencer]],"\CV_",Taula_Alumnes[[#This Row],[Nom sencer]],".pdf"),"CV") -> CV | C21: Miravete Núñez | D21: Tristan | E21: =_xlfn.CONCAT(TRIM(Taula_Alumnes[[#This Row],[Cognoms]]), ", ", TRIM(Taula_Alumnes[[#This Row],[Nom]])) -> Miravete Núñez, Tristan | F21: =COUNTIF(Seguiment!F:F,Taula_Alumnes[[#This Row],[Nom sencer]]) -> 1 | G21: =COUNTIF(Seguiment!G:G,Taula_Alumnes[[#This Row],[Nom sencer]])++COUNTIF(Seguiment!H:H,Taula_Alumnes[[#This Row],[Nom sencer]]) -> 1 | H21: =IF(Taula_Alumnes[[#This Row],[Env]]=Taula_Alumnes[[#This Row],[Reb/NT]],IF(Taula_Alumnes[[#This Row],[Ok]]="Pendent","Sí","No"),"No") -> Sí | I21: =IF(Taula_Alumnes[[#This Row],[Tipus]]=Taula_Alumnes[[#This Row],[Estat]],"Assignat",IF(Taula_Alumnes[[#This Row],[Estat]]="Pràctiques finalitzades","Finalitzades","Pendent")) -> Pendent | K21: 51289091B | L21: 38141 | M21: =_xlfn.CONCAT(TEXT(_xlfn.DAYS(TODAY(),Taula_Alumnes[[#This Row],[Data Naixement]])/365,"##")," anys") -> 22 anys | N21: 672729689 | O21: 664837283 | P21: =IFERROR(VLOOKUP(Taula_Alumnes[[#This Row],[DNI/NIE/Passaport]],Questionari!D:O,11,FALSE),"") -> MINU 0 040603 00 4 | Q21: =IFERROR(VLOOKUP(Taula_Alumnes[[#This Row],[DNI/NIE/Passaport]],Questionari!D:O,12,FALSE),"-") -> 81345281346 | R21: tristan.miravete@sarria.salesians.cat | S21: =IFERROR(VLOOKUP(Taula_Alumnes[[#This Row],[DNI/NIE/Passaport]],Questionari!D:O,5,FALSE),"") -> Carrer Calabria 33 5,2 | T21: =IFERROR(VLOOKUP(Taula_Alumnes[[#This Row],[DNI/NIE/Passaport]],Questionari!D:O,6,FALSE),"") -> Barcelona | U21: =IFERROR(VLOOKUP(Taula_Alumnes[[#This Row],[DNI/NIE/Passaport]],Questionari!D:O,7,FALSE),"") -> 8015 | W21: Dual gen. | X21: Pendent | Y21: Sense empresa
A22: 24 | B22: =HYPERLINK(_xlfn.CONCAT("D:\La meva unitat\FCT\Promoció 2025-27\Alumnes\",Taula_Alumnes[[#This Row],[Nom sencer]],"\CV_",Taula_Alumnes[[#This Row],[Nom sencer]],".pdf"),"CV") -> CV | C22: Pérez Hernando | D22: Álvaro | E22: =_xlfn.CONCAT(TRIM(Taula_Alumnes[[#This Row],[Cognoms]]), ", ", TRIM(Taula_Alumnes[[#This Row],[Nom]])) -> Pérez Hernando, Álvaro | F22: =COUNTIF(Seguiment!F:F,Taula_Alumnes[[#This Row],[Nom sencer]]) -> 0 | G22: =COUNTIF(Seguiment!G:G,Taula_Alumnes[[#This Row],[Nom sencer]])++COUNTIF(Seguiment!H:H,Taula_Alumnes[[#This Row],[Nom sencer]]) -> 0 | H22: =IF(Taula_Alumnes[[#This Row],[Env]]=Taula_Alumnes[[#This Row],[Reb/NT]],IF(Taula_Alumnes[[#This Row],[Ok]]="Pendent","Sí","No"),"No") -> Sí | I22: =IF(Taula_Alumnes[[#This Row],[Tipus]]=Taula_Alumnes[[#This Row],[Estat]],"Assignat",IF(Taula_Alumnes[[#This Row],[Estat]]="Pràctiques finalitzades","Finalitzades","Pendent")) -> Pendent | K22: 48143661S | L22: 39035 | M22: =_xlfn.CONCAT(TEXT(_xlfn.DAYS(TODAY(),Taula_Alumnes[[#This Row],[Data Naixement]])/365,"##")," anys") -> 20 anys | N22: 663910905 | O22: 678348239 | P22: =IFERROR(VLOOKUP(Taula_Alumnes[[#This Row],[DNI/NIE/Passaport]],Questionari!D:O,11,FALSE),"") -> PEHE 0 061114 00 1 | Q22: =IFERROR(VLOOKUP(Taula_Alumnes[[#This Row],[DNI/NIE/Passaport]],Questionari!D:O,12,FALSE),"-") -> 81473024686 | R22: alvaro.perez@sarria.salesians.cat | S22: =IFERROR(VLOOKUP(Taula_Alumnes[[#This Row],[DNI/NIE/Passaport]],Questionari!D:O,5,FALSE),"") -> Carrer Enric Prat de la Riba, 43 | T22: =IFERROR(VLOOKUP(Taula_Alumnes[[#This Row],[DNI/NIE/Passaport]],Questionari!D:O,6,FALSE),"") -> Gelida | U22: =IFERROR(VLOOKUP(Taula_Alumnes[[#This Row],[DNI/NIE/Passaport]],Questionari!D:O,7,FALSE),"") -> 8790 | W22: Convalidació | X22: Pendent | Y22: Sense empresa
A23: 25 | B23: =HYPERLINK(_xlfn.CONCAT("D:\La meva unitat\FCT\Promoció 2025-27\Alumnes\",Taula_Alumnes[[#This Row],[Nom sencer]],"\CV_",Taula_Alumnes[[#This Row],[Nom sencer]],".pdf"),"CV") -> CV | C23: Pesado Flores | D23: Samuel | E23: =_xlfn.CONCAT(TRIM(Taula_Alumnes[[#This Row],[Cognoms]]), ", ", TRIM(Taula_Alumnes[[#This Row],[Nom]])) -> Pesado Flores, Samuel | F23: =COUNTIF(Seguiment!F:F,Taula_Alumnes[[#This Row],[Nom sencer]]) -> 0 | G23: =COUNTIF(Seguiment!G:G,Taula_Alumnes[[#This Row],[Nom sencer]])++COUNTIF(Seguiment!H:H,Taula_Alumnes[[#This Row],[Nom sencer]]) -> 0 | H23: =IF(Taula_Alumnes[[#This Row],[Env]]=Taula_Alumnes[[#This Row],[Reb/NT]],IF(Taula_Alumnes[[#This Row],[Ok]]="Pendent","Sí","No"),"No") -> Sí | I23: =IF(Taula_Alumnes[[#This Row],[Tipus]]=Taula_Alumnes[[#This Row],[Estat]],"Assignat",IF(Taula_Alumnes[[#This Row],[Estat]]="Pràctiques finalitzades","Finalitzades","Pendent")) -> Pendent | K23: 49550677Y | L23: 39365 | M23: =_xlfn.CONCAT(TEXT(_xlfn.DAYS(TODAY(),Taula_Alumnes[[#This Row],[Data Naixement]])/365,"##")," anys") -> 19 anys | N23: 640862329 | O23: 640862329 | P23: =IFERROR(VLOOKUP(Taula_Alumnes[[#This Row],[DNI/NIE/Passaport]],Questionari!D:O,11,FALSE),"") -> PEFL 0 071010 00 3 | Q23: =IFERROR(VLOOKUP(Taula_Alumnes[[#This Row],[DNI/NIE/Passaport]],Questionari!D:O,12,FALSE),"-") -> 81472251013 | R23: samuel.pesado@sarria.salesians.cat | S23: =IFERROR(VLOOKUP(Taula_Alumnes[[#This Row],[DNI/NIE/Passaport]],Questionari!D:O,5,FALSE),"") -> cami de can oriol | T23: =IFERROR(VLOOKUP(Taula_Alumnes[[#This Row],[DNI/NIE/Passaport]],Questionari!D:O,6,FALSE),"") -> Rubí | U23: =IFERROR(VLOOKUP(Taula_Alumnes[[#This Row],[DNI/NIE/Passaport]],Questionari!D:O,7,FALSE),"") -> 8191 | W23: Dual gen. | X23: Pendent | Y23: Sense empresa
A24: 26 | B24: =HYPERLINK(_xlfn.CONCAT("D:\La meva unitat\FCT\Promoció 2025-27\Alumnes\",Taula_Alumnes[[#This Row],[Nom sencer]],"\CV_",Taula_Alumnes[[#This Row],[Nom sencer]],".pdf"),"CV") -> CV | C24: Ricote Fernández | D24: Marc | E24: =_xlfn.CONCAT(TRIM(Taula_Alumnes[[#This Row],[Cognoms]]), ", ", TRIM(Taula_Alumnes[[#This Row],[Nom]])) -> Ricote Fernández, Marc | F24: =COUNTIF(Seguiment!F:F,Taula_Alumnes[[#This Row],[Nom sencer]]) -> 0 | G24: =COUNTIF(Seguiment!G:G,Taula_Alumnes[[#This Row],[Nom sencer]])++COUNTIF(Seguiment!H:H,Taula_Alumnes[[#This Row],[Nom sencer]]) -> 0 | H24: =IF(Taula_Alumnes[[#This Row],[Env]]=Taula_Alumnes[[#This Row],[Reb/NT]],IF(Taula_Alumnes[[#This Row],[Ok]]="Pendent","Sí","No"),"No") -> No | I24: =IF(Taula_Alumnes[[#This Row],[Tipus]]=Taula_Alumnes[[#This Row],[Estat]],"Assignat",IF(Taula_Alumnes[[#This Row],[Estat]]="Pràctiques finalitzades","Finalitzades","Pendent")) -> Assignat | J24: Ja té empresa | K24: 49323013L | L24: 39282 | M24: =_xlfn.CONCAT(TEXT(_xlfn.DAYS(TODAY(),Taula_Alumnes[[#This Row],[Data Naixement]])/365,"##")," anys") -> 19 anys | N24: 688785765 | O24: 601254487 | P24: =IFERROR(VLOOKUP(Taula_Alumnes[[#This Row],[DNI/NIE/Passaport]],Questionari!D:O,11,FALSE),"") -> RIFE 0 070719 00 5 | Q24: =IFERROR(VLOOKUP(Taula_Alumnes[[#This Row],[DNI/NIE/Passaport]],Questionari!D:O,12,FALSE),"-") -> 81516648822 | R24: marc.ricote@sarria.salesians.cat | S24: =IFERROR(VLOOKUP(Taula_Alumnes[[#This Row],[DNI/NIE/Passaport]],Questionari!D:O,5,FALSE),"") -> Passeig de la zona franca 208, ESC IZQ ATCO 2 | T24: =IFERROR(VLOOKUP(Taula_Alumnes[[#This Row],[DNI/NIE/Passaport]],Questionari!D:O,6,FALSE),"") -> Barcelona | U24: =IFERROR(VLOOKUP(Taula_Alumnes[[#This Row],[DNI/NIE/Passaport]],Questionari!D:O,7,FALSE),"") -> 8038 | W24: Dual gen. | X24: Dual gen. | Y24: Frigicoll | Z24: DAVID SAEZ RODRIGUEZ | AA24: 934803322 | AB24: david.saez@frigicoll.es | AC24: 46452673X | AD24: 46119 | AE24: 46220 | AF24: 424 | AG24: Faltaran hores
A25: 27 | B25: =HYPERLINK(_xlfn.CONCAT("D:\La meva unitat\FCT\Promoció 2025-27\Alumnes\",Taula_Alumnes[[#This Row],[Nom sencer]],"\CV_",Taula_Alumnes[[#This Row],[Nom sencer]],".pdf"),"CV") -> CV | C25: Rodríguez González | D25: Mario | E25: =_xlfn.CONCAT(TRIM(Taula_Alumnes[[#This Row],[Cognoms]]), ", ", TRIM(Taula_Alumnes[[#This Row],[Nom]])) -> Rodríguez González, Mario | F25: =COUNTIF(Seguiment!F:F,Taula_Alumnes[[#This Row],[Nom sencer]]) -> 3 | G25: =COUNTIF(Seguiment!G:G,Taula_Alumnes[[#This Row],[Nom sencer]])++COUNTIF(Seguiment!H:H,Taula_Alumnes[[#This Row],[Nom sencer]]) -> 3 | H25: =IF(Taula_Alumnes[[#This Row],[Env]]=Taula_Alumnes[[#This Row],[Reb/NT]],IF(Taula_Alumnes[[#This Row],[Ok]]="Pendent","Sí","No"),"No") -> Sí | I25: =IF(Taula_Alumnes[[#This Row],[Tipus]]=Taula_Alumnes[[#This Row],[Estat]],"Assignat",IF(Taula_Alumnes[[#This Row],[Estat]]="Pràctiques finalitzades","Finalitzades","Pendent")) -> Pendent | K25: 54331383Q | L25: 38964 | M25: =_xlfn.CONCAT(TEXT(_xlfn.DAYS(TODAY(),Taula_Alumnes[[#This Row],[Data Naixement]])/365,"##")," anys") -> 20 anys | N25: 644417955 | O25: 616432401 | P25: =IFERROR(VLOOKUP(Taula_Alumnes[[#This Row],[DNI/NIE/Passaport]],Questionari!D:O,11,FALSE),"") -> ROGO 0 060904 00 3 | Q25: =IFERROR(VLOOKUP(Taula_Alumnes[[#This Row],[DNI/NIE/Passaport]],Questionari!D:O,12,FALSE),"-") -> 81376947705 | R25: mario.rodriguez@sarria.salesians.cat | S25: =IFERROR(VLOOKUP(Taula_Alumnes[[#This Row],[DNI/NIE/Passaport]],Questionari!D:O,5,FALSE),"") -> Carrer San Sebastián 110, Sant Cugat del Vallès | T25: =IFERROR(VLOOKUP(Taula_Alumnes[[#This Row],[DNI/NIE/Passaport]],Questionari!D:O,6,FALSE),"") -> Sant Cugat del Vallès | U25: =IFERROR(VLOOKUP(Taula_Alumnes[[#This Row],[DNI/NIE/Passaport]],Questionari!D:O,7,FALSE),"") -> 8195 | W25: Dual int. | X25: Pendent | Y25: Sense empresa
A26: 28 | B26: =HYPERLINK(_xlfn.CONCAT("D:\La meva unitat\FCT\Promoció 2025-27\Alumnes\",Taula_Alumnes[[#This Row],[Nom sencer]],"\CV_",Taula_Alumnes[[#This Row],[Nom sencer]],".pdf"),"CV") -> CV | C26: Sánchez Herrera | D26: Andres Mauricio | E26: =_xlfn.CONCAT(TRIM(Taula_Alumnes[[#This Row],[Cognoms]]), ", ", TRIM(Taula_Alumnes[[#This Row],[Nom]])) -> Sánchez Herrera, Andres Mauricio | F26: =COUNTIF(Seguiment!F:F,Taula_Alumnes[[#This Row],[Nom sencer]]) -> 0 | G26: =COUNTIF(Seguiment!G:G,Taula_Alumnes[[#This Row],[Nom sencer]])++COUNTIF(Seguiment!H:H,Taula_Alumnes[[#This Row],[Nom sencer]]) -> 0 | H26: =IF(Taula_Alumnes[[#This Row],[Env]]=Taula_Alumnes[[#This Row],[Reb/NT]],IF(Taula_Alumnes[[#This Row],[Ok]]="Pendent","Sí","No"),"No") -> Sí | I26: =IF(Taula_Alumnes[[#This Row],[Tipus]]=Taula_Alumnes[[#This Row],[Estat]],"Assignat",IF(Taula_Alumnes[[#This Row],[Estat]]="Pràctiques finalitzades","Finalitzades","Pendent")) -> Pendent | J26: Posposada a un 3er | K26: 55654151Q | L26: 35376 | M26: =_xlfn.CONCAT(TEXT(_xlfn.DAYS(TODAY(),Taula_Alumnes[[#This Row],[Data Naixement]])/365,"##")," anys") -> 30 anys | N26: 662535065 | P26: =IFERROR(VLOOKUP(Taula_Alumnes[[#This Row],[DNI/NIE/Passaport]],Questionari!D:O,11,FALSE),"") -> SAHE 0 961107 00 4 | Q26: =IFERROR(VLOOKUP(Taula_Alumnes[[#This Row],[DNI/NIE/Passaport]],Questionari!D:O,12,FALSE),"-") -> 81455961679 | R26: am.sanchez.25@sarria.salesians.cat | S26: =IFERROR(VLOOKUP(Taula_Alumnes[[#This Row],[DNI/NIE/Passaport]],Questionari!D:O,5,FALSE),"") -> andyvmpier@gmail.com | T26: =IFERROR(VLOOKUP(Taula_Alumnes[[#This Row],[DNI/NIE/Passaport]],Questionari!D:O,6,FALSE),"") -> L'Hospitalet de Llobregat | U26: =IFERROR(VLOOKUP(Taula_Alumnes[[#This Row],[DNI/NIE/Passaport]],Questionari!D:O,7,FALSE),"") -> 8905 | W26: Posposada | X26: Pendent | Y26: Sense empresa
A27: 29 | B27: =HYPERLINK(_xlfn.CONCAT("D:\La meva unitat\FCT\Promoció 2025-27\Alumnes\",Taula_Alumnes[[#This Row],[Nom sencer]],"\CV_",Taula_Alumnes[[#This Row],[Nom sencer]],".pdf"),"CV") -> CV | C27: Simarro González | D27: Izan | E27: =_xlfn.CONCAT(TRIM(Taula_Alumnes[[#This Row],[Cognoms]]), ", ", TRIM(Taula_Alumnes[[#This Row],[Nom]])) -> Simarro González, Izan | F27: =COUNTIF(Seguiment!F:F,Taula_Alumnes[[#This Row],[Nom sencer]]) -> 2 | G27: =COUNTIF(Seguiment!G:G,Taula_Alumnes[[#This Row],[Nom sencer]])++COUNTIF(Seguiment!H:H,Taula_Alumnes[[#This Row],[Nom sencer]]) -> 2 | H27: =IF(Taula_Alumnes[[#This Row],[Env]]=Taula_Alumnes[[#This Row],[Reb/NT]],IF(Taula_Alumnes[[#This Row],[Ok]]="Pendent","Sí","No"),"No") -> Sí | I27: =IF(Taula_Alumnes[[#This Row],[Tipus]]=Taula_Alumnes[[#This Row],[Estat]],"Assignat",IF(Taula_Alumnes[[#This Row],[Estat]]="Pràctiques finalitzades","Finalitzades","Pendent")) -> Pendent | K27: 26060226F | L27: 39111 | M27: =_xlfn.CONCAT(TEXT(_xlfn.DAYS(TODAY(),Taula_Alumnes[[#This Row],[Data Naixement]])/365,"##")," anys") -> 19 anys | N27: 620993816 | O27: 934211118 | P27: =IFERROR(VLOOKUP(Taula_Alumnes[[#This Row],[DNI/NIE/Passaport]],Questionari!D:O,11,FALSE),"") -> SIGO 0 070129 00 5 | Q27: =IFERROR(VLOOKUP(Taula_Alumnes[[#This Row],[DNI/NIE/Passaport]],Questionari!D:O,12,FALSE),"-") -> 81472138350 | R27: izan.simarro@sarria.salesians.cat | S27: =IFERROR(VLOOKUP(Taula_Alumnes[[#This Row],[DNI/NIE/Passaport]],Questionari!D:O,5,FALSE),"") -> Carrer Gernika, 1-5, 6º 4 | T27: =IFERROR(VLOOKUP(Taula_Alumnes[[#This Row],[DNI/NIE/Passaport]],Questionari!D:O,6,FALSE),"") -> Barcelona | U27: =IFERROR(VLOOKUP(Taula_Alumnes[[#This Row],[DNI/NIE/Passaport]],Questionari!D:O,7,FALSE),"") -> 8038 | W27: Dual gen. | X27: Pendent | Y27: Sense empresa
A28: 30 | B28: =HYPERLINK(_xlfn.CONCAT("D:\La meva unitat\FCT\Promoció 2025-27\Alumnes\",Taula_Alumnes[[#This Row],[Nom sencer]],"\CV_",Taula_Alumnes[[#This Row],[Nom sencer]],".pdf"),"CV") -> CV | C28: Xu | D28: Montserrat | E28: =_xlfn.CONCAT(TRIM(Taula_Alumnes[[#This Row],[Cognoms]]), ", ", TRIM(Taula_Alumnes[[#This Row],[Nom]])) -> Xu, Montserrat | F28: =COUNTIF(Seguiment!F:F,Taula_Alumnes[[#This Row],[Nom sencer]]) -> 2 | G28: =COUNTIF(Seguiment!G:G,Taula_Alumnes[[#This Row],[Nom sencer]])++COUNTIF(Seguiment!H:H,Taula_Alumnes[[#This Row],[Nom sencer]]) -> 1 | H28: =IF(Taula_Alumnes[[#This Row],[Env]]=Taula_Alumnes[[#This Row],[Reb/NT]],IF(Taula_Alumnes[[#This Row],[Ok]]="Pendent","Sí","No"),"No") -> No | I28: =IF(Taula_Alumnes[[#This Row],[Tipus]]=Taula_Alumnes[[#This Row],[Estat]],"Assignat",IF(Taula_Alumnes[[#This Row],[Estat]]="Pràctiques finalitzades","Finalitzades","Pendent")) -> Assignat | K28: X9833125G | L28: 38926 | M28: =_xlfn.CONCAT(TEXT(_xlfn.DAYS(TODAY(),Taula_Alumnes[[#This Row],[Data Naixement]])/365,"##")," anys") -> 20 anys | N28: 695210605 | O28: 695210605 | P28: =IFERROR(VLOOKUP(Taula_Alumnes[[#This Row],[DNI/NIE/Passaport]],Questionari!D:O,11,FALSE),"") -> XUXX 1 060728 00 1 | Q28: =IFERROR(VLOOKUP(Taula_Alumnes[[#This Row],[DNI/NIE/Passaport]],Questionari!D:O,12,FALSE),"-") -> 81472210694 | R28: montserrat.xu@sarria.salesians.cat | S28: =IFERROR(VLOOKUP(Taula_Alumnes[[#This Row],[DNI/NIE/Passaport]],Questionari!D:O,5,FALSE),"") -> Pl. d'Europa, 14, 15A | T28: =IFERROR(VLOOKUP(Taula_Alumnes[[#This Row],[DNI/NIE/Passaport]],Questionari!D:O,6,FALSE),"") -> L'Hospitalet de Llobregat | U28: =IFERROR(VLOOKUP(Taula_Alumnes[[#This Row],[DNI/NIE/Passaport]],Questionari!D:O,7,FALSE),"") -> 8902 | W28: Dual gen. | X28: Dual gen. | Y28: Vanture ESS | Z28: Manuel Rato De Juan | AA28: 935453880 | AB28: manuel.rato@vantureess.com | AC28: 44019171T | AD28: 46174 | AE28: 46220 | AF28: 272 | AG28: Faltaran hores
A29: 31 | B29: =HYPERLINK(_xlfn.CONCAT("D:\La meva unitat\FCT\Promoció 2025-27\Alumnes\",Taula_Alumnes[[#This Row],[Nom sencer]],"\CV_",Taula_Alumnes[[#This Row],[Nom sencer]],".pdf"),"CV") -> CV | C29: Xufré Prieto | D29: Biel | E29: =_xlfn.CONCAT(TRIM(Taula_Alumnes[[#This Row],[Cognoms]]), ", ", TRIM(Taula_Alumnes[[#This Row],[Nom]])) -> Xufré Prieto, Biel | F29: =COUNTIF(Seguiment!F:F,Taula_Alumnes[[#This Row],[Nom sencer]]) -> 0 | G29: =COUNTIF(Seguiment!G:G,Taula_Alumnes[[#This Row],[Nom sencer]])++COUNTIF(Seguiment!H:H,Taula_Alumnes[[#This Row],[Nom sencer]]) -> 0 | H29: =IF(Taula_Alumnes[[#This Row],[Env]]=Taula_Alumnes[[#This Row],[Reb/NT]],IF(Taula_Alumnes[[#This Row],[Ok]]="Pendent","Sí","No"),"No") -> Sí | I29: =IF(Taula_Alumnes[[#This Row],[Tipus]]=Taula_Alumnes[[#This Row],[Estat]],"Assignat",IF(Taula_Alumnes[[#This Row],[Estat]]="Pràctiques finalitzades","Finalitzades","Pendent")) -> Pendent | K29: 49531031W | L29: 39354 | M29: =_xlfn.CONCAT(TEXT(_xlfn.DAYS(TODAY(),Taula_Alumnes[[#This Row],[Data Naixement]])/365,"##")," anys") -> 19 anys | N29: 694489035 | O29: 652949187 | P29: =IFERROR(VLOOKUP(Taula_Alumnes[[#This Row],[DNI/NIE/Passaport]],Questionari!D:O,11,FALSE),"") -> XUPR 0 070929 00 4 | Q29: =IFERROR(VLOOKUP(Taula_Alumnes[[#This Row],[DNI/NIE/Passaport]],Questionari!D:O,12,FALSE),"-") -> 81471670124 | R29: biel.xufre.25@sarria.salesians.cat | S29: =IFERROR(VLOOKUP(Taula_Alumnes[[#This Row],[DNI/NIE/Passaport]],Questionari!D:O,5,FALSE),"") -> Carre Sant Joan 39 | T29: =IFERROR(VLOOKUP(Taula_Alumnes[[#This Row],[DNI/NIE/Passaport]],Questionari!D:O,6,FALSE),"") -> Esparreguera | U29: =IFERROR(VLOOKUP(Taula_Alumnes[[#This Row],[DNI/NIE/Passaport]],Questionari!D:O,7,FALSE),"") -> 8292 | W29: Dual gen. | X29: Pendent | Y29: Sense empresa

Sheet Empreses
A1: Sense empresa | B1: Nom contacte | C1: Correu electrònic | D1: Telèfon | E1: Adreça | F1: Nom Tutor | G1: Correu Tutor | H1: DNI Tutor | I1: Altres | J1: # Alum. | K1: # Contactes
A2: TOBEIT SL | B2: Marta García de Pruneda Pascual | C2: m.pruneda@tobeit.es | J2: =COUNTIF(Alumnes!AE:AE,Taula_Empreses[[#This Row],[Sense empresa]]) -> 0 | K2: =COUNTIF(Seguiment!C:C,Taula_Empreses[[#This Row],[Sense empresa]]) -> 4
A3: Sidogras y Flex Internacional | B3: Francisco Barrios | C3: fbarrios@sidogras.com | J3: =COUNTIF(Alumnes!AE:AE,Taula_Empreses[[#This Row],[Sense empresa]]) -> 0 | K3: =COUNTIF(Seguiment!C:C,Taula_Empreses[[#This Row],[Sense empresa]]) -> 4
A4: OUA Gestió del Territori i Urbanisme S. L. | B4: Rocio Huertas Valera | C4: r.huertas@ouagroup.com | D4: 695723022 | E4: Carrer Viladomat 317 entresol (08029 - Barcelona) | J4: =COUNTIF(Alumnes!AE:AE,Taula_Empreses[[#This Row],[Sense empresa]]) -> 0 | K4: =COUNTIF(Seguiment!C:C,Taula_Empreses[[#This Row],[Sense empresa]]) -> 6
A5: DST - Deisoltec | B5: Alberto Valle | C5: av@dst.es | F5: Alberto Valle | G5: av@dst.es | H5: 46743326N | J5: =COUNTIF(Alumnes!AE:AE,Taula_Empreses[[#This Row],[Sense empresa]]) -> 0 | K5: =COUNTIF(Seguiment!C:C,Taula_Empreses[[#This Row],[Sense empresa]]) -> 5
A6: Plural Informática | B6: Danny Toma | C6: danny@pluralinformatica.com | D6: 679 616 484 | E6: Aprestadora 12, Ent. 1ª (08902 - L’Hospitalet de Llobregat) | J6: =COUNTIF(Alumnes!AE:AE,Taula_Empreses[[#This Row],[Sense empresa]]) -> 0 | K6: =COUNTIF(Seguiment!C:C,Taula_Empreses[[#This Row],[Sense empresa]]) -> 4
A7: MK Development | B7: Elena Cócera Pérez | C7: ecocera@mkdevelopment.es | D7: 621 29 60 97 | J7: =COUNTIF(Alumnes!AE:AE,Taula_Empreses[[#This Row],[Sense empresa]]) -> 0 | K7: =COUNTIF(Seguiment!C:C,Taula_Empreses[[#This Row],[Sense empresa]]) -> 2
A8: Ingens-Networks | B8: Judith Lopez | C8: judith.lopez@ingens-networks.com | J8: =COUNTIF(Alumnes!AE:AE,Taula_Empreses[[#This Row],[Sense empresa]]) -> 0 | K8: =COUNTIF(Seguiment!C:C,Taula_Empreses[[#This Row],[Sense empresa]]) -> 6
A9: Fundació i2CAT | B9: Cristina Martín Luján | C9: cristina.martin@fundacionrandstad.es | D9: 667181688 | J9: =COUNTIF(Alumnes!AE:AE,Taula_Empreses[[#This Row],[Sense empresa]]) -> 0 | K9: =COUNTIF(Seguiment!C:C,Taula_Empreses[[#This Row],[Sense empresa]]) -> 0
A10: Larian Studios Spain SL | B10: Jorge Cabezas Garcia | C10: jorge.cabezas@larian.com | D10: 652934609 | E10: Consell de Cent 367 (08009 - Barcelona) | J10: =COUNTIF(Alumnes!AE:AE,Taula_Empreses[[#This Row],[Sense empresa]]) -> 0 | K10: =COUNTIF(Seguiment!C:C,Taula_Empreses[[#This Row],[Sense empresa]]) -> 6
A11: Fundación Randstad | B11: Cristina Martín Luján | C11: cristina.martin@fundacionrandstad.es | D11: 667181688 | E11: Barcelona | J11: =COUNTIF(Alumnes!AE:AE,Taula_Empreses[[#This Row],[Sense empresa]]) -> 0 | K11: =COUNTIF(Seguiment!C:C,Taula_Empreses[[#This Row],[Sense empresa]]) -> 4
A12: Frigicoll | B12: Sara Parada | C12: sara.parada@frigicoll.es | D12: 651027070 | I12: Segón contacte: Elena Macias (elena.macias@frigicoll.es) | J12: =COUNTIF(Alumnes!AE:AE,Taula_Empreses[[#This Row],[Sense empresa]]) -> 0 | K12: =COUNTIF(Seguiment!C:C,Taula_Empreses[[#This Row],[Sense empresa]]) -> 1
A13: Sirt | B13: Sandra Monleón | C13: smonleon@sirt.com | D13: 659 942 425 | E13: Carrer de Pere IV, 78, 8-1, Sant Martí (08005 - Barcelona) | J13: =COUNTIF(Alumnes!AE:AE,Taula_Empreses[[#This Row],[Sense empresa]]) -> 0 | K13: =COUNTIF(Seguiment!C:C,Taula_Empreses[[#This Row],[Sense empresa]]) -> 1
A14: DeInfo | B14: Guillermo | C14: gpuig@deinfo.es | D14: 934176400 | E14: Vía Augusta 261-263 Bajos B (08017 - Barcelona) | J14: =COUNTIF(Alumnes!AE:AE,Taula_Empreses[[#This Row],[Sense empresa]]) -> 0 | K14: =COUNTIF(Seguiment!C:C,Taula_Empreses[[#This Row],[Sense empresa]]) -> 5
A15: Eada | B15: Natalia Alvaro | C15: nalvaro@eada.edu | D15: 621 687546 | E15: Carrer Provença 216 (08036 - Barcelona) | J15: =COUNTIF(Alumnes!AE:AE,Taula_Empreses[[#This Row],[Sense empresa]]) -> 0 | K15: =COUNTIF(Seguiment!C:C,Taula_Empreses[[#This Row],[Sense empresa]]) -> 5
A16: NetLand | B16: Jesus Martinez | C16: jesus@netland.pro | D16: 93 228 97 09 | E16: Carrer Estelí, 33 (08980 - Sant Feliu de Llobregat) | J16: =COUNTIF(Alumnes!AE:AE,Taula_Empreses[[#This Row],[Sense empresa]]) -> 0 | K16: =COUNTIF(Seguiment!C:C,Taula_Empreses[[#This Row],[Sense empresa]]) -> 7
A17: Servei Meteorologic | B17: SARA CANALEJO CERVERA | C17: SARA.CANALEJO@GENCAT.CAT | J17: =COUNTIF(Alumnes!AE:AE,Taula_Empreses[[#This Row],[Sense empresa]]) -> 0 | K17: =COUNTIF(Seguiment!C:C,Taula_Empreses[[#This Row],[Sense empresa]]) -> 8
A18: Deutsche Telekom Global Business ( T-Systems) | B18: Josep Llena | C18: JOSE.LLENA-CRISPI@telekom.com | J18: =COUNTIF(Alumnes!AE:AE,Taula_Empreses[[#This Row],[Sense empresa]]) -> 0 | K18: =COUNTIF(Seguiment!C:C,Taula_Empreses[[#This Row],[Sense empresa]]) -> 4
A19: Atrevia | B19: Cristina Flores Frasquet | C19: cflores@atrevia.com | D19: 667 631 633 | J19: =COUNTIF(Alumnes!AE:AE,Taula_Empreses[[#This Row],[Sense empresa]]) -> 0 | K19: =COUNTIF(Seguiment!C:C,Taula_Empreses[[#This Row],[Sense empresa]]) -> 7
A20: Vanture ESS | B20: Amanda Casado | C20: Amanda.casado@vantureess.com | D20: 672 632 687 | J20: =COUNTIF(Alumnes!AE:AE,Taula_Empreses[[#This Row],[Sense empresa]]) -> 0 | K20: =COUNTIF(Seguiment!C:C,Taula_Empreses[[#This Row],[Sense empresa]]) -> 7
A21: NetLand | B21: Jesus Martinez | C21: jesus@netland.pro | J21: =COUNTIF(Alumnes!AE:AE,Taula_Empreses[[#This Row],[Sense empresa]]) -> 0 | K21: =COUNTIF(Seguiment!C:C,Taula_Empreses[[#This Row],[Sense empresa]]) -> 7
A22: Fast Byte | B22: Jordi Lanza | C22: jordi@fastbyte.es | D22: 618247848 | J22: =COUNTIF(Alumnes!AE:AE,Taula_Empreses[[#This Row],[Sense empresa]]) -> 0 | K22: =COUNTIF(Seguiment!C:C,Taula_Empreses[[#This Row],[Sense empresa]]) -> 4
A23: Solucions informàtiques Kaizen | B23: Santiago Galiano Roig | C23: santiago@sikaizen.com | D23: 931600006 | J23: =COUNTIF(Alumnes!AE:AE,Taula_Empreses[[#This Row],[Sense empresa]]) -> 0 | K23: =COUNTIF(Seguiment!C:C,Taula_Empreses[[#This Row],[Sense empresa]]) -> 2

Sheet Seguiment
A1: Data | B1: Alumne | C1: Empresa | D1: Comentari | E1: Obs | F1: CV - Enviat | G1: CV - Rebutjat | H1: CV - No l'han tractat | I1: Empresa enviada | J1: Estat | K1: Nom Empresa
A2: 46070 | B2: Espejo Martínez, Ivan | C2: TOBEIT SL | D2: CV - Enviat | F2: =IF(Taula_Seguiment[[#This Row],[Comentari]]=F$1,Taula_Seguiment[[#This Row],[Alumne]],"") -> Espejo Martínez, Ivan | G2: =IF(Taula_Seguiment[[#This Row],[Comentari]]=G$1,Taula_Seguiment[[#This Row],[Alumne]],"") | H2: =IF(Taula_Seguiment[[#This Row],[Comentari]]=H$1,Taula_Seguiment[[#This Row],[Alumne]],"") | I2: =IF(Taula_Seguiment[[#This Row],[Empresa]]="","",_xlfn.CONCAT(Taula_Seguiment[[#This Row],[Empresa]]," (",TEXT(Taula_Seguiment[[#This Row],[Data]],"dd/mm/aaaa"),")")) -> TOBEIT SL (17/02/2026) | J2: =IFERROR(VLOOKUP(Taula_Seguiment[[#This Row],[Alumne]],Alumnes!E:AE,18,FALSE),"") -> 0 | K2: =IFERROR(VLOOKUP(Taula_Seguiment[[#This Row],[Alumne]],Alumnes!E:AE,19,FALSE),"") -> Dual int.
A3: 46070 | B3: Rodríguez González, Mario | C3: TOBEIT SL | D3: CV - Enviat | F3: =IF(Taula_Seguiment[[#This Row],[Comentari]]=F$1,Taula_Seguiment[[#This Row],[Alumne]],"") -> Rodríguez González, Mario | G3: =IF(Taula_Seguiment[[#This Row],[Comentari]]=G$1,Taula_Seguiment[[#This Row],[Alumne]],"") | H3: =IF(Taula_Seguiment[[#This Row],[Comentari]]=H$1,Taula_Seguiment[[#This Row],[Alumne]],"") | I3: =IF(Taula_Seguiment[[#This Row],[Empresa]]="","",_xlfn.CONCAT(Taula_Seguiment[[#This Row],[Empresa]]," (",TEXT(Taula_Seguiment[[#This Row],[Data]],"dd/mm/aaaa"),")")) -> TOBEIT SL (17/02/2026) | J3: =IFERROR(VLOOKUP(Taula_Seguiment[[#This Row],[Alumne]],Alumnes!E:AE,18,FALSE),"") -> 0 | K3: =IFERROR(VLOOKUP(Taula_Seguiment[[#This Row],[Alumne]],Alumnes!E:AE,19,FALSE),"") -> Dual int.
A4: 46071 | C4: Sidogras y Flex Internacional | D4: Enviament correu - Contacte inicial | F4: =IF(Taula_Seguiment[[#This Row],[Comentari]]=F$1,Taula_Seguiment[[#This Row],[Alumne]],"") | G4: =IF(Taula_Seguiment[[#This Row],[Comentari]]=G$1,Taula_Seguiment[[#This Row],[Alumne]],"") | H4: =IF(Taula_Seguiment[[#This Row],[Comentari]]=H$1,Taula_Seguiment[[#This Row],[Alumne]],"") | I4: =IF(Taula_Seguiment[[#This Row],[Empresa]]="","",_xlfn.CONCAT(Taula_Seguiment[[#This Row],[Empresa]]," (",TEXT(Taula_Seguiment[[#This Row],[Data]],"dd/mm/aaaa"),")")) -> Sidogras y Flex Internacional (18/02/2026) | J4: =IFERROR(VLOOKUP(Taula_Seguiment[[#This Row],[Alumne]],Alumnes!E:AE,18,FALSE),"") | K4: =IFERROR(VLOOKUP(Taula_Seguiment[[#This Row],[Alumne]],Alumnes!E:AE,19,FALSE),"")
A5: 46071 | C5: Sidogras y Flex Internacional | D5: Altres | E5: Trucada per informar a l'empresa | F5: =IF(Taula_Seguiment[[#This Row],[Comentari]]=F$1,Taula_Seguiment[[#This Row],[Alumne]],"") | G5: =IF(Taula_Seguiment[[#This Row],[Comentari]]=G$1,Taula_Seguiment[[#This Row],[Alumne]],"") | H5: =IF(Taula_Seguiment[[#This Row],[Comentari]]=H$1,Taula_Seguiment[[#This Row],[Alumne]],"") | I5: =IF(Taula_Seguiment[[#This Row],[Empresa]]="","",_xlfn.CONCAT(Taula_Seguiment[[#This Row],[Empresa]]," (",TEXT(Taula_Seguiment[[#This Row],[Data]],"dd/mm/aaaa"),")")) -> Sidogras y Flex Internacional (18/02/2026) | J5: =IFERROR(VLOOKUP(Taula_Seguiment[[#This Row],[Alumne]],Alumnes!E:AE,18,FALSE),"") | K5: =IFERROR(VLOOKUP(Taula_Seguiment[[#This Row],[Alumne]],Alumnes!E:AE,19,FALSE),"")
A6: 46071 | B6: Jurado Borrell, Hugo | C6: Sidogras y Flex Internacional | D6: CV - Enviat | F6: =IF(Taula_Seguiment[[#This Row],[Comentari]]=F$1,Taula_Seguiment[[#This Row],[Alumne]],"") -> Jurado Borrell, Hugo | G6: =IF(Taula_Seguiment[[#This Row],[Comentari]]=G$1,Taula_Seguiment[[#This Row],[Alumne]],"") | H6: =IF(Taula_Seguiment[[#This Row],[Comentari]]=H$1,Taula_Seguiment[[#This Row],[Alumne]],"") | I6: =IF(Taula_Seguiment[[#This Row],[Empresa]]="","",_xlfn.CONCAT(Taula_Seguiment[[#This Row],[Empresa]]," (",TEXT(Taula_Seguiment[[#This Row],[Data]],"dd/mm/aaaa"),")")) -> Sidogras y Flex Internacional (18/02/2026) | J6: =IFERROR(VLOOKUP(Taula_Seguiment[[#This Row],[Alumne]],Alumnes!E:AE,18,FALSE),"") -> 0 | K6: =IFERROR(VLOOKUP(Taula_Seguiment[[#This Row],[Alumne]],Alumnes!E:AE,19,FALSE),"") -> Dual int.
A7: 46072 | C7: OUA Gestió del Territori i Urbanisme S. L. | D7: Enviament correu - Contacte inicial | F7: =IF(Taula_Seguiment[[#This Row],[Comentari]]=F$1,Taula_Seguiment[[#This Row],[Alumne]],"") | G7: =IF(Taula_Seguiment[[#This Row],[Comentari]]=G$1,Taula_Seguiment[[#This Row],[Alumne]],"") | H7: =IF(Taula_Seguiment[[#This Row],[Comentari]]=H$1,Taula_Seguiment[[#This Row],[Alumne]],"") | I7: =IF(Taula_Seguiment[[#This Row],[Empresa]]="","",_xlfn.CONCAT(Taula_Seguiment[[#This Row],[Empresa]]," (",TEXT(Taula_Seguiment[[#This Row],[Data]],"dd/mm/aaaa"),")")) -> OUA Gestió del Territori i Urbanisme S. L. (19/02/2026) | J7: =IFERROR(VLOOKUP(Taula_Seguiment[[#This Row],[Alumne]],Alumnes!E:AE,18,FALSE),"") | K7: =IFERROR(VLOOKUP(Taula_Seguiment[[#This Row],[Alumne]],Alumnes!E:AE,19,FALSE),"")
A8: 46072 | C8: OUA Gestió del Territori i Urbanisme S. L. | D8: Altres | E8: Trucada per informar a l'empresa | F8: =IF(Taula_Seguiment[[#This Row],[Comentari]]=F$1,Taula_Seguiment[[#This Row],[Alumne]],"") | G8: =IF(Taula_Seguiment[[#This Row],[Comentari]]=G$1,Taula_Seguiment[[#This Row],[Alumne]],"") | H8: =IF(Taula_Seguiment[[#This Row],[Comentari]]=H$1,Taula_Seguiment[[#This Row],[Alumne]],"") | I8: =IF(Taula_Seguiment[[#This Row],[Empresa]]="","",_xlfn.CONCAT(Taula_Seguiment[[#This Row],[Empresa]]," (",TEXT(Taula_Seguiment[[#This Row],[Data]],"dd/mm/aaaa"),")")) -> OUA Gestió del Territori i Urbanisme S. L. (19/02/2026) | J8: =IFERROR(VLOOKUP(Taula_Seguiment[[#This Row],[Alumne]],Alumnes!E:AE,18,FALSE),"") | K8: =IFERROR(VLOOKUP(Taula_Seguiment[[#This Row],[Alumne]],Alumnes!E:AE,19,FALSE),"")
A9: 46076 | B9: Benítes Zambrano, David | C9: DST - Deisoltec | D9: CV - Enviat | F9: =IF(Taula_Seguiment[[#This Row],[Comentari]]=F$1,Taula_Seguiment[[#This Row],[Alumne]],"") -> Benítes Zambrano, David | G9: =IF(Taula_Seguiment[[#This Row],[Comentari]]=G$1,Taula_Seguiment[[#This Row],[Alumne]],"") | H9: =IF(Taula_Seguiment[[#This Row],[Comentari]]=H$1,Taula_Seguiment[[#This Row],[Alumne]],"") | I9: =IF(Taula_Seguiment[[#This Row],[Empresa]]="","",_xlfn.CONCAT(Taula_Seguiment[[#This Row],[Empresa]]," (",TEXT(Taula_Seguiment[[#This Row],[Data]],"dd/mm/aaaa"),")")) -> DST - Deisoltec (23/02/2026) | J9: =IFERROR(VLOOKUP(Taula_Seguiment[[#This Row],[Alumne]],Alumnes!E:AE,18,FALSE),"") -> 0 | K9: =IFERROR(VLOOKUP(Taula_Seguiment[[#This Row],[Alumne]],Alumnes!E:AE,19,FALSE),"") -> Dual int.
A10: 46076 | B10: Almendros García, Javier | C10: DST - Deisoltec | D10: CV - Enviat | F10: =IF(Taula_Seguiment[[#This Row],[Comentari]]=F$1,Taula_Seguiment[[#This Row],[Alumne]],"") -> Almendros García, Javier | G10: =IF(Taula_Seguiment[[#This Row],[Comentari]]=G$1,Taula_Seguiment[[#This Row],[Alumne]],"") | H10: =IF(Taula_Seguiment[[#This Row],[Comentari]]=H$1,Taula_Seguiment[[#This Row],[Alumne]],"") | I10: =IF(Taula_Seguiment[[#This Row],[Empresa]]="","",_xlfn.CONCAT(Taula_Seguiment[[#This Row],[Empresa]]," (",TEXT(Taula_Seguiment[[#This Row],[Data]],"dd/mm/aaaa"),")")) -> DST - Deisoltec (23/02/2026) | J10: =IFERROR(VLOOKUP(Taula_Seguiment[[#This Row],[Alumne]],Alumnes!E:AE,18,FALSE),"") -> 0 | K10: =IFERROR(VLOOKUP(Taula_Seguiment[[#This Row],[Alumne]],Alumnes!E:AE,19,FALSE),"") -> Dual int.
A11: 46078 | B11: Benítes Zambrano, David | C11: DST - Deisoltec | D11: CV - Rebutjat | F11: =IF(Taula_Seguiment[[#This Row],[Comentari]]=F$1,Taula_Seguiment[[#This Row],[Alumne]],"") | G11: =IF(Taula_Seguiment[[#This Row],[Comentari]]=G$1,Taula_Seguiment[[#This Row],[Alumne]],"") -> Benítes Zambrano, David | H11: =IF(Taula_Seguiment[[#This Row],[Comentari]]=H$1,Taula_Seguiment[[#This Row],[Alumne]],"") | I11: =IF(Taula_Seguiment[[#This Row],[Empresa]]="","",_xlfn.CONCAT(Taula_Seguiment[[#This Row],[Empresa]]," (",TEXT(Taula_Seguiment[[#This Row],[Data]],"dd/mm/aaaa"),")")) -> DST - Deisoltec (25/02/2026) | J11: =IFERROR(VLOOKUP(Taula_Seguiment[[#This Row],[Alumne]],Alumnes!E:AE,18,FALSE),"") -> 0 | K11: =IFERROR(VLOOKUP(Taula_Seguiment[[#This Row],[Alumne]],Alumnes!E:AE,19,FALSE),"") -> Dual int.
A12: 46078 | B12: Benítes Zambrano, David | C12: OUA Gestió del Territori i Urbanisme S. L. | D12: CV - Enviat | F12: =IF(Taula_Seguiment[[#This Row],[Comentari]]=F$1,Taula_Seguiment[[#This Row],[Alumne]],"") -> Benítes Zambrano, David | G12: =IF(Taula_Seguiment[[#This Row],[Comentari]]=G$1,Taula_Seguiment[[#This Row],[Alumne]],"") | H12: =IF(Taula_Seguiment[[#This Row],[Comentari]]=H$1,Taula_Seguiment[[#This Row],[Alumne]],"") | I12: =IF(Taula_Seguiment[[#This Row],[Empresa]]="","",_xlfn.CONCAT(Taula_Seguiment[[#This Row],[Empresa]]," (",TEXT(Taula_Seguiment[[#This Row],[Data]],"dd/mm/aaaa"),")")) -> OUA Gestió del Territori i Urbanisme S. L. (25/02/2026) | J12: =IFERROR(VLOOKUP(Taula_Seguiment[[#This Row],[Alumne]],Alumnes!E:AE,18,FALSE),"") -> 0 | K12: =IFERROR(VLOOKUP(Taula_Seguiment[[#This Row],[Alumne]],Alumnes!E:AE,19,FALSE),"") -> Dual int.
A13: 46078 | B13: Fernandes Teixeira, Sebastian Samuel | C13: OUA Gestió del Territori i Urbanisme S. L. | D13: CV - Enviat | F13: =IF(Taula_Seguiment[[#This Row],[Comentari]]=F$1,Taula_Seguiment[[#This Row],[Alumne]],"") -> Fernandes Teixeira, Sebastian Samuel | G13: =IF(Taula_Seguiment[[#This Row],[Comentari]]=G$1,Taula_Seguiment[[#This Row],[Alumne]],"") | H13: =IF(Taula_Seguiment[[#This Row],[Comentari]]=H$1,Taula_Seguiment[[#This Row],[Alumne]],"") | I13: =IF(Taula_Seguiment[[#This Row],[Empresa]]="","",_xlfn.CONCAT(Taula_Seguiment[[#This Row],[Empresa]]," (",TEXT(Taula_Seguiment[[#This Row],[Data]],"dd/mm/aaaa"),")")) -> OUA Gestió del Territori i Urbanisme S. L. (25/02/2026) | J13: =IFERROR(VLOOKUP(Taula_Seguiment[[#This Row],[Alumne]],Alumnes!E:AE,18,FALSE),"") -> 0 | K13: =IFERROR(VLOOKUP(Taula_Seguiment[[#This Row],[Alumne]],Alumnes!E:AE,19,FALSE),"") -> Dual int.
A14: 46078 | C14: Plural Informática | D14: Enviament correu - Contacte inicial | F14: =IF(Taula_Seguiment[[#This Row],[Comentari]]=F$1,Taula_Seguiment[[#This Row],[Alumne]],"") | G14: =IF(Taula_Seguiment[[#This Row],[Comentari]]=G$1,Taula_Seguiment[[#This Row],[Alumne]],"") | H14: =IF(Taula_Seguiment[[#This Row],[Comentari]]=H$1,Taula_Seguiment[[#This Row],[Alumne]],"") | I14: =IF(Taula_Seguiment[[#This Row],[Empresa]]="","",_xlfn.CONCAT(Taula_Seguiment[[#This Row],[Empresa]]," (",TEXT(Taula_Seguiment[[#This Row],[Data]],"dd/mm/aaaa"),")")) -> Plural Informática (25/02/2026) | J14: =IFERROR(VLOOKUP(Taula_Seguiment[[#This Row],[Alumne]],Alumnes!E:AE,18,FALSE),"") | K14: =IFERROR(VLOOKUP(Taula_Seguiment[[#This Row],[Alumne]],Alumnes!E:AE,19,FALSE),"")
A15: 46078 | C15: MK Development | D15: Enviament correu - Contacte inicial | F15: =IF(Taula_Seguiment[[#This Row],[Comentari]]=F$1,Taula_Seguiment[[#This Row],[Alumne]],"") | G15: =IF(Taula_Seguiment[[#This Row],[Comentari]]=G$1,Taula_Seguiment[[#This Row],[Alumne]],"") | H15: =IF(Taula_Seguiment[[#This Row],[Comentari]]=H$1,Taula_Seguiment[[#This Row],[Alumne]],"") | I15: =IF(Taula_Seguiment[[#This Row],[Empresa]]="","",_xlfn.CONCAT(Taula_Seguiment[[#This Row],[Empresa]]," (",TEXT(Taula_Seguiment[[#This Row],[Data]],"dd/mm/aaaa"),")")) -> MK Development (25/02/2026) | J15: =IFERROR(VLOOKUP(Taula_Seguiment[[#This Row],[Alumne]],Alumnes!E:AE,18,FALSE),"") | K15: =IFERROR(VLOOKUP(Taula_Seguiment[[#This Row],[Alumne]],Alumnes!E:AE,19,FALSE),"")
A16: 46079 | C16: MK Development | D16: Trucada | E16: Volen alumnes de 2n per 7h/d en dual general | F16: =IF(Taula_Seguiment[[#This Row],[Comentari]]=F$1,Taula_Seguiment[[#This Row],[Alumne]],"") | G16: =IF(Taula_Seguiment[[#This Row],[Comentari]]=G$1,Taula_Seguiment[[#This Row],[Alumne]],"") | H16: =IF(Taula_Seguiment[[#This Row],[Comentari]]=H$1,Taula_Seguiment[[#This Row],[Alumne]],"") | I16: =IF(Taula_Seguiment[[#This Row],[Empresa]]="","",_xlfn.CONCAT(Taula_Seguiment[[#This Row],[Empresa]]," (",TEXT(Taula_Seguiment[[#This Row],[Data]],"dd/mm/aaaa"),")")) -> MK Development (26/02/2026) | J16: =IFERROR(VLOOKUP(Taula_Seguiment[[#This Row],[Alumne]],Alumnes!E:AE,18,FALSE),"") | K16: =IFERROR(VLOOKUP(Taula_Seguiment[[#This Row],[Alumne]],Alumnes!E:AE,19,FALSE),"")
A17: 46079 | C17: Plural Informática | D17: Trucada | E17: Vol ja CV de dual general | F17: =IF(Taula_Seguiment[[#This Row],[Comentari]]=F$1,Taula_Seguiment[[#This Row],[Alumne]],"") | G17: =IF(Taula_Seguiment[[#This Row],[Comentari]]=G$1,Taula_Seguiment[[#This Row],[Alumne]],"") | H17: =IF(Taula_Seguiment[[#This Row],[Comentari]]=H$1,Taula_Seguiment[[#This Row],[Alumne]],"") | I17: =IF(Taula_Seguiment[[#This Row],[Empresa]]="","",_xlfn.CONCAT(Taula_Seguiment[[#This Row],[Empresa]]," (",TEXT(Taula_Seguiment[[#This Row],[Data]],"dd/mm/aaaa"),")")) -> Plural Informática (26/02/2026) | J17: =IFERROR(VLOOKUP(Taula_Seguiment[[#This Row],[Alumne]],Alumnes!E:AE,18,FALSE),"") | K17: =IFERROR(VLOOKUP(Taula_Seguiment[[#This Row],[Alumne]],Alumnes!E:AE,19,FALSE),"")
A18: 46083 | C18: Ingens-Networks | D18: Enviament correu - Contacte inicial | F18: =IF(Taula_Seguiment[[#This Row],[Comentari]]=F$1,Taula_Seguiment[[#This Row],[Alumne]],"") | G18: =IF(Taula_Seguiment[[#This Row],[Comentari]]=G$1,Taula_Seguiment[[#This Row],[Alumne]],"") | H18: =IF(Taula_Seguiment[[#This Row],[Comentari]]=H$1,Taula_Seguiment[[#This Row],[Alumne]],"") | I18: =IF(Taula_Seguiment[[#This Row],[Empresa]]="","",_xlfn.CONCAT(Taula_Seguiment[[#This Row],[Empresa]]," (",TEXT(Taula_Seguiment[[#This Row],[Data]],"dd/mm/aaaa"),")")) -> Ingens-Networks (02/03/2026) | J18: =IFERROR(VLOOKUP(Taula_Seguiment[[#This Row],[Alumne]],Alumnes!E:AE,18,FALSE),"") | K18: =IFERROR(VLOOKUP(Taula_Seguiment[[#This Row],[Alumne]],Alumnes!E:AE,19,FALSE),"")
A19: 46083 | B19: Dublanche, Alexis Stéphane Fran | C19: Ingens-Networks | D19: CV - Enviat | F19: =IF(Taula_Seguiment[[#This Row],[Comentari]]=F$1,Taula_Seguiment[[#This Row],[Alumne]],"") -> Dublanche, Alexis Stéphane Fran | G19: =IF(Taula_Seguiment[[#This Row],[Comentari]]=G$1,Taula_Seguiment[[#This Row],[Alumne]],"") | H19: =IF(Taula_Seguiment[[#This Row],[Comentari]]=H$1,Taula_Seguiment[[#This Row],[Alumne]],"") | I19: =IF(Taula_Seguiment[[#This Row],[Empresa]]="","",_xlfn.CONCAT(Taula_Seguiment[[#This Row],[Empresa]]," (",TEXT(Taula_Seguiment[[#This Row],[Data]],"dd/mm/aaaa"),")")) -> Ingens-Networks (02/03/2026) | J19: =IFERROR(VLOOKUP(Taula_Seguiment[[#This Row],[Alumne]],Alumnes!E:AE,18,FALSE),"") -> 0 | K19: =IFERROR(VLOOKUP(Taula_Seguiment[[#This Row],[Alumne]],Alumnes!E:AE,19,FALSE),"") -> Dual int.
A20: 46085 | B20: Almendros García, Javier | C20: DST - Deisoltec | D20: Seleccionat | F20: =IF(Taula_Seguiment[[#This Row],[Comentari]]=F$1,Taula_Seguiment[[#This Row],[Alumne]],"") | G20: =IF(Taula_Seguiment[[#This Row],[Comentari]]=G$1,Taula_Seguiment[[#This Row],[Alumne]],"") | H20: =IF(Taula_Seguiment[[#This Row],[Comentari]]=H$1,Taula_Seguiment[[#This Row],[Alumne]],"") | I20: =IF(Taula_Seguiment[[#This Row],[Empresa]]="","",_xlfn.CONCAT(Taula_Seguiment[[#This Row],[Empresa]]," (",TEXT(Taula_Seguiment[[#This Row],[Data]],"dd/mm/aaaa"),")")) -> DST - Deisoltec (04/03/2026) | J20: =IFERROR(VLOOKUP(Taula_Seguiment[[#This Row],[Alumne]],Alumnes!E:AE,18,FALSE),"") -> 0 | K20: =IFERROR(VLOOKUP(Taula_Seguiment[[#This Row],[Alumne]],Alumnes!E:AE,19,FALSE),"") -> Dual int.
A21: 46085 | C21: Larian Studios Spain SL | D21: Enviament correu - Contacte inicial | F21: =IF(Taula_Seguiment[[#This Row],[Comentari]]=F$1,Taula_Seguiment[[#This Row],[Alumne]],"") | G21: =IF(Taula_Seguiment[[#This Row],[Comentari]]=G$1,Taula_Seguiment[[#This Row],[Alumne]],"") | H21: =IF(Taula_Seguiment[[#This Row],[Comentari]]=H$1,Taula_Seguiment[[#This Row],[Alumne]],"") | I21: =IF(Taula_Seguiment[[#This Row],[Empresa]]="","",_xlfn.CONCAT(Taula_Seguiment[[#This Row],[Empresa]]," (",TEXT(Taula_Seguiment[[#This Row],[Data]],"dd/mm/aaaa"),")")) -> Larian Studios Spain SL (04/03/2026) | J21: =IFERROR(VLOOKUP(Taula_Seguiment[[#This Row],[Alumne]],Alumnes!E:AE,18,FALSE),"") | K21: =IFERROR(VLOOKUP(Taula_Seguiment[[#This Row],[Alumne]],Alumnes!E:AE,19,FALSE),"")
A22: 46085 | C22: Fundación Randstad | D22: Enviament correu - Contacte inicial | F22: =IF(Taula_Seguiment[[#This Row],[Comentari]]=F$1,Taula_Seguiment[[#This Row],[Alumne]],"") | G22: =IF(Taula_Seguiment[[#This Row],[Comentari]]=G$1,Taula_Seguiment[[#This Row],[Alumne]],"") | H22: =IF(Taula_Seguiment[[#This Row],[Comentari]]=H$1,Taula_Seguiment[[#This Row],[Alumne]],"") | I22: =IF(Taula_Seguiment[[#This Row],[Empresa]]="","",_xlfn.CONCAT(Taula_Seguiment[[#This Row],[Empresa]]," (",TEXT(Taula_Seguiment[[#This Row],[Data]],"dd/mm/aaaa"),")")) -> Fundación Randstad (04/03/2026) | J22: =IFERROR(VLOOKUP(Taula_Seguiment[[#This Row],[Alumne]],Alumnes!E:AE,18,FALSE),"") | K22: =IFERROR(VLOOKUP(Taula_Seguiment[[#This Row],[Alumne]],Alumnes!E:AE,19,FALSE),"")
A23: 46085 | B23: Fernandes Teixeira, Sebastian Samuel | C23: Fundación Randstad | D23: CV - Enviat | F23: =IF(Taula_Seguiment[[#This Row],[Comentari]]=F$1,Taula_Seguiment[[#This Row],[Alumne]],"") -> Fernandes Teixeira, Sebastian Samuel | G23: =IF(Taula_Seguiment[[#This Row],[Comentari]]=G$1,Taula_Seguiment[[#This Row],[Alumne]],"") | H23: =IF(Taula_Seguiment[[#This Row],[Comentari]]=H$1,Taula_Seguiment[[#This Row],[Alumne]],"") | I23: =IF(Taula_Seguiment[[#This Row],[Empresa]]="","",_xlfn.CONCAT(Taula_Seguiment[[#This Row],[Empresa]]," (",TEXT(Taula_Seguiment[[#This Row],[Data]],"dd/mm/aaaa"),")")) -> Fundación Randstad (04/03/2026) | J23: =IFERROR(VLOOKUP(Taula_Seguiment[[#This Row],[Alumne]],Alumnes!E:AE,18,FALSE),"") -> 0 | K23: =IFERROR(VLOOKUP(Taula_Seguiment[[#This Row],[Alumne]],Alumnes!E:AE,19,FALSE),"") -> Dual int.
A24: 46086 | C24: Fundación Randstad | D24: Reunió programada | E24: Volen alumnes amb discapacitat per enviar-los afer pràctiques a Nestlé | F24: =IF(Taula_Seguiment[[#This Row],[Comentari]]=F$1,Taula_Seguiment[[#This Row],[Alumne]],"") | G24: =IF(Taula_Seguiment[[#This Row],[Comentari]]=G$1,Taula_Seguiment[[#This Row],[Alumne]],"") | H24: =IF(Taula_Seguiment[[#This Row],[Comentari]]=H$1,Taula_Seguiment[[#This Row],[Alumne]],"") | I24: =IF(Taula_Seguiment[[#This Row],[Empresa]]="","",_xlfn.CONCAT(Taula_Seguiment[[#This Row],[Empresa]]," (",TEXT(Taula_Seguiment[[#This Row],[Data]],"dd/mm/aaaa"),")")) -> Fundación Randstad (05/03/2026) | J24: =IFERROR(VLOOKUP(Taula_Seguiment[[#This Row],[Alumne]],Alumnes!E:AE,18,FALSE),"") | K24: =IFERROR(VLOOKUP(Taula_Seguiment[[#This Row],[Alumne]],Alumnes!E:AE,19,FALSE),"")
A25: 46086 | B25: Benítes Zambrano, David | C25: OUA Gestió del Territori i Urbanisme S. L. | D25: CV - Rebutjat | F25: =IF(Taula_Seguiment[[#This Row],[Comentari]]=F$1,Taula_Seguiment[[#This Row],[Alumne]],"") | G25: =IF(Taula_Seguiment[[#This Row],[Comentari]]=G$1,Taula_Seguiment[[#This Row],[Alumne]],"") -> Benítes Zambrano, David | H25: =IF(Taula_Seguiment[[#This Row],[Comentari]]=H$1,Taula_Seguiment[[#This Row],[Alumne]],"") | I25: =IF(Taula_Seguiment[[#This Row],[Empresa]]="","",_xlfn.CONCAT(Taula_Seguiment[[#This Row],[Empresa]]," (",TEXT(Taula_Seguiment[[#This Row],[Data]],"dd/mm/aaaa"),")")) -> OUA Gestió del Territori i Urbanisme S. L. (05/03/2026) | J25: =IFERROR(VLOOKUP(Taula_Seguiment[[#This Row],[Alumne]],Alumnes!E:AE,18,FALSE),"") -> 0 | K25: =IFERROR(VLOOKUP(Taula_Seguiment[[#This Row],[Alumne]],Alumnes!E:AE,19,FALSE),"") -> Dual int.
A26: 46086 | B26: Fernandes Teixeira, Sebastian Samuel | C26: OUA Gestió del Territori i Urbanisme S. L. | D26: CV - Rebutjat | F26: =IF(Taula_Seguiment[[#This Row],[Comentari]]=F$1,Taula_Seguiment[[#This Row],[Alumne]],"") | G26: =IF(Taula_Seguiment[[#This Row],[Comentari]]=G$1,Taula_Seguiment[[#This Row],[Alumne]],"") -> Fernandes Teixeira, Sebastian Samuel | H26: =IF(Taula_Seguiment[[#This Row],[Comentari]]=H$1,Taula_Seguiment[[#This Row],[Alumne]],"") | I26: =IF(Taula_Seguiment[[#This Row],[Empresa]]="","",_xlfn.CONCAT(Taula_Seguiment[[#This Row],[Empresa]]," (",TEXT(Taula_Seguiment[[#This Row],[Data]],"dd/mm/aaaa"),")")) -> OUA Gestió del Territori i Urbanisme S. L. (05/03/2026) | J26: =IFERROR(VLOOKUP(Taula_Seguiment[[#This Row],[Alumne]],Alumnes!E:AE,18,FALSE),"") -> 0 | K26: =IFERROR(VLOOKUP(Taula_Seguiment[[#This Row],[Alumne]],Alumnes!E:AE,19,FALSE),"") -> Dual int.
A27: 46087 | B27: Rodríguez González, Mario | C27: TOBEIT SL | D27: CV - Rebutjat | F27: =IF(Taula_Seguiment[[#This Row],[Comentari]]=F$1,Taula_Seguiment[[#This Row],[Alumne]],"") | G27: =IF(Taula_Seguiment[[#This Row],[Comentari]]=G$1,Taula_Seguiment[[#This Row],[Alumne]],"") -> Rodríguez González, Mario | H27: =IF(Taula_Seguiment[[#This Row],[Comentari]]=H$1,Taula_Seguiment[[#This Row],[Alumne]],"") | I27: =IF(Taula_Seguiment[[#This Row],[Empresa]]="","",_xlfn.CONCAT(Taula_Seguiment[[#This Row],[Empresa]]," (",TEXT(Taula_Seguiment[[#This Row],[Data]],"dd/mm/aaaa"),")")) -> TOBEIT SL (06/03/2026) | J27: =IFERROR(VLOOKUP(Taula_Seguiment[[#This Row],[Alumne]],Alumnes!E:AE,18,FALSE),"") -> 0 | K27: =IFERROR(VLOOKUP(Taula_Seguiment[[#This Row],[Alumne]],Alumnes!E:AE,19,FALSE),"") -> Dual int.
A28: 46090 | C28: Larian Studios Spain SL | D28: Trucada | E28: Vol 1 alumne en pràctiques | F28: =IF(Taula_Seguiment[[#This Row],[Comentari]]=F$1,Taula_Seguiment[[#This Row],[Alumne]],"") | G28: =IF(Taula_Seguiment[[#This Row],[Comentari]]=G$1,Taula_Seguiment[[#This Row],[Alumne]],"") | H28: =IF(Taula_Seguiment[[#This Row],[Comentari]]=H$1,Taula_Seguiment[[#This Row],[Alumne]],"") | I28: =IF(Taula_Seguiment[[#This Row],[Empresa]]="","",_xlfn.CONCAT(Taula_Seguiment[[#This Row],[Empresa]]," (",TEXT(Taula_Seguiment[[#This Row],[Data]],"dd/mm/aaaa"),")")) -> Larian Studios Spain SL (09/03/2026) | J28: =IFERROR(VLOOKUP(Taula_Seguiment[[#This Row],[Alumne]],Alumnes!E:AE,18,FALSE),"") | K28: =IFERROR(VLOOKUP(Taula_Seguiment[[#This Row],[Alumne]],Alumnes!E:AE,19,FALSE),"")
A29: 46090 | B29: Rodríguez González, Mario | C29: Larian Studios Spain SL | D29: CV - Enviat | F29: =IF(Taula_Seguiment[[#This Row],[Comentari]]=F$1,Taula_Seguiment[[#This Row],[Alumne]],"") -> Rodríguez González, Mario | G29: =IF(Taula_Seguiment[[#This Row],[Comentari]]=G$1,Taula_Seguiment[[#This Row],[Alumne]],"") | H29: =IF(Taula_Seguiment[[#This Row],[Comentari]]=H$1,Taula_Seguiment[[#This Row],[Alumne]],"") | I29: =IF(Taula_Seguiment[[#This Row],[Empresa]]="","",_xlfn.CONCAT(Taula_Seguiment[[#This Row],[Empresa]]," (",TEXT(Taula_Seguiment[[#This Row],[Data]],"dd/mm/aaaa"),")")) -> Larian Studios Spain SL (09/03/2026) | J29: =IFERROR(VLOOKUP(Taula_Seguiment[[#This Row],[Alumne]],Alumnes!E:AE,18,FALSE),"") -> 0 | K29: =IFERROR(VLOOKUP(Taula_Seguiment[[#This Row],[Alumne]],Alumnes!E:AE,19,FALSE),"") -> Dual int.
A30: 46090 | B30: Benítes Zambrano, David | C30: Larian Studios Spain SL | D30: CV - Enviat | F30: =IF(Taula_Seguiment[[#This Row],[Comentari]]=F$1,Taula_Seguiment[[#This Row],[Alumne]],"") -> Benítes Zambrano, David | G30: =IF(Taula_Seguiment[[#This Row],[Comentari]]=G$1,Taula_Seguiment[[#This Row],[Alumne]],"") | H30: =IF(Taula_Seguiment[[#This Row],[Comentari]]=H$1,Taula_Seguiment[[#This Row],[Alumne]],"") | I30: =IF(Taula_Seguiment[[#This Row],[Empresa]]="","",_xlfn.CONCAT(Taula_Seguiment[[#This Row],[Empresa]]," (",TEXT(Taula_Seguiment[[#This Row],[Data]],"dd/mm/aaaa"),")")) -> Larian Studios Spain SL (09/03/2026) | J30: =IFERROR(VLOOKUP(Taula_Seguiment[[#This Row],[Alumne]],Alumnes!E:AE,18,FALSE),"") -> 0 | K30: =IFERROR(VLOOKUP(Taula_Seguiment[[#This Row],[Alumne]],Alumnes!E:AE,19,FALSE),"") -> Dual int.
A31: 46090 | B31: Almendros García, Javier | C31: DST - Deisoltec | D31: Conveni - Alta | F31: =IF(Taula_Seguiment[[#This Row],[Comentari]]=F$1,Taula_Seguiment[[#This Row],[Alumne]],"") | G31: =IF(Taula_Seguiment[[#This Row],[Comentari]]=G$1,Taula_Seguiment[[#This Row],[Alumne]],"") | H31: =IF(Taula_Seguiment[[#This Row],[Comentari]]=H$1,Taula_Seguiment[[#This Row],[Alumne]],"") | I31: =IF(Taula_Seguiment[[#This Row],[Empresa]]="","",_xlfn.CONCAT(Taula_Seguiment[[#This Row],[Empresa]]," (",TEXT(Taula_Seguiment[[#This Row],[Data]],"dd/mm/aaaa"),")")) -> DST - Deisoltec (09/03/2026) | J31: =IFERROR(VLOOKUP(Taula_Seguiment[[#This Row],[Alumne]],Alumnes!E:AE,18,FALSE),"") -> 0 | K31: =IFERROR(VLOOKUP(Taula_Seguiment[[#This Row],[Alumne]],Alumnes!E:AE,19,FALSE),"") -> Dual int.
A32: 46091 | B32: Corbelle Padin, Iago | C32: Plural Informática | D32: CV - Enviat | F32: =IF(Taula_Seguiment[[#This Row],[Comentari]]=F$1,Taula_Seguiment[[#This Row],[Alumne]],"") -> Corbelle Padin, Iago | G32: =IF(Taula_Seguiment[[#This Row],[Comentari]]=G$1,Taula_Seguiment[[#This Row],[Alumne]],"") | H32: =IF(Taula_Seguiment[[#This Row],[Comentari]]=H$1,Taula_Seguiment[[#This Row],[Alumne]],"") | I32: =IF(Taula_Seguiment[[#This Row],[Empresa]]="","",_xlfn.CONCAT(Taula_Seguiment[[#This Row],[Empresa]]," (",TEXT(Taula_Seguiment[[#This Row],[Data]],"dd/mm/aaaa"),")")) -> Plural Informática (10/03/2026) | J32: =IFERROR(VLOOKUP(Taula_Seguiment[[#This Row],[Alumne]],Alumnes!E:AE,18,FALSE),"") -> 0 | K32: =IFERROR(VLOOKUP(Taula_Seguiment[[#This Row],[Alumne]],Alumnes!E:AE,19,FALSE),"") -> Dual gen.
A33: 46091 | B33: Guillamon Uzñate, Arnau | C33: Plural Informática | D33: CV - Enviat | F33: =IF(Taula_Seguiment[[#This Row],[Comentari]]=F$1,Taula_Seguiment[[#This Row],[Alumne]],"") -> Guillamon Uzñate, Arnau | G33: =IF(Taula_Seguiment[[#This Row],[Comentari]]=G$1,Taula_Seguiment[[#This Row],[Alumne]],"") | H33: =IF(Taula_Seguiment[[#This Row],[Comentari]]=H$1,Taula_Seguiment[[#This Row],[Alumne]],"") | I33: =IF(Taula_Seguiment[[#This Row],[Empresa]]="","",_xlfn.CONCAT(Taula_Seguiment[[#This Row],[Empresa]]," (",TEXT(Taula_Seguiment[[#This Row],[Data]],"dd/mm/aaaa"),")")) -> Plural Informática (10/03/2026) | J33: =IFERROR(VLOOKUP(Taula_Seguiment[[#This Row],[Alumne]],Alumnes!E:AE,18,FALSE),"") -> 0 | K33: =IFERROR(VLOOKUP(Taula_Seguiment[[#This Row],[Alumne]],Alumnes!E:AE,19,FALSE),"") -> Dual gen.
A34: 46092 | B34: Espejo Martínez, Ivan | C34: TOBEIT SL | D34: Seleccionat | F34: =IF(Taula_Seguiment[[#This Row],[Comentari]]=F$1,Taula_Seguiment[[#This Row],[Alumne]],"") | G34: =IF(Taula_Seguiment[[#This Row],[Comentari]]=G$1,Taula_Seguiment[[#This Row],[Alumne]],"") | H34: =IF(Taula_Seguiment[[#This Row],[Comentari]]=H$1,Taula_Seguiment[[#This Row],[Alumne]],"") | I34: =IF(Taula_Seguiment[[#This Row],[Empresa]]="","",_xlfn.CONCAT(Taula_Seguiment[[#This Row],[Empresa]]," (",TEXT(Taula_Seguiment[[#This Row],[Data]],"dd/mm/aaaa"),")")) -> TOBEIT SL (11/03/2026) | J34: =IFERROR(VLOOKUP(Taula_Seguiment[[#This Row],[Alumne]],Alumnes!E:AE,18,FALSE),"") -> 0 | K34: =IFERROR(VLOOKUP(Taula_Seguiment[[#This Row],[Alumne]],Alumnes!E:AE,19,FALSE),"") -> Dual int.
A35: 46092 | C35: Frigicoll | D35: Trucada | E35: Contacte inicial per parlar del conveni del Marc Ricote | F35: =IF(Taula_Seguiment[[#This Row],[Comentari]]=F$1,Taula_Seguiment[[#This Row],[Alumne]],"") | G35: =IF(Taula_Seguiment[[#This Row],[Comentari]]=G$1,Taula_Seguiment[[#This Row],[Alumne]],"") | H35: =IF(Taula_Seguiment[[#This Row],[Comentari]]=H$1,Taula_Seguiment[[#This Row],[Alumne]],"") | I35: =IF(Taula_Seguiment[[#This Row],[Empresa]]="","",_xlfn.CONCAT(Taula_Seguiment[[#This Row],[Empresa]]," (",TEXT(Taula_Seguiment[[#This Row],[Data]],"dd/mm/aaaa"),")")) -> Frigicoll (11/03/2026) | J35: =IFERROR(VLOOKUP(Taula_Seguiment[[#This Row],[Alumne]],Alumnes!E:AE,18,FALSE),"") | K35: =IFERROR(VLOOKUP(Taula_Seguiment[[#This Row],[Alumne]],Alumnes!E:AE,19,FALSE),"")
A36: 46092 | C36: Sirt | D36: Enviament correu - Contacte inicial | F36: =IF(Taula_Seguiment[[#This Row],[Comentari]]=F$1,Taula_Seguiment[[#This Row],[Alumne]],"") | G36: =IF(Taula_Seguiment[[#This Row],[Comentari]]=G$1,Taula_Seguiment[[#This Row],[Alumne]],"") | H36: =IF(Taula_Seguiment[[#This Row],[Comentari]]=H$1,Taula_Seguiment[[#This Row],[Alumne]],"") | I36: =IF(Taula_Seguiment[[#This Row],[Empresa]]="","",_xlfn.CONCAT(Taula_Seguiment[[#This Row],[Empresa]]," (",TEXT(Taula_Seguiment[[#This Row],[Data]],"dd/mm/aaaa"),")")) -> Sirt (11/03/2026) | J36: =IFERROR(VLOOKUP(Taula_Seguiment[[#This Row],[Alumne]],Alumnes!E:AE,18,FALSE),"") | K36: =IFERROR(VLOOKUP(Taula_Seguiment[[#This Row],[Alumne]],Alumnes!E:AE,19,FALSE),"")
A37: 46092 | B37: Simarro González, Izan | C37: DeInfo | D37: CV - Enviat | F37: =IF(Taula_Seguiment[[#This Row],[Comentari]]=F$1,Taula_Seguiment[[#This Row],[Alumne]],"") -> Simarro González, Izan | G37: =IF(Taula_Seguiment[[#This Row],[Comentari]]=G$1,Taula_Seguiment[[#This Row],[Alumne]],"") | H37: =IF(Taula_Seguiment[[#This Row],[Comentari]]=H$1,Taula_Seguiment[[#This Row],[Alumne]],"") | I37: =IF(Taula_Seguiment[[#This Row],[Empresa]]="","",_xlfn.CONCAT(Taula_Seguiment[[#This Row],[Empresa]]," (",TEXT(Taula_Seguiment[[#This Row],[Data]],"dd/mm/aaaa"),")")) -> DeInfo (11/03/2026) | J37: =IFERROR(VLOOKUP(Taula_Seguiment[[#This Row],[Alumne]],Alumnes!E:AE,18,FALSE),"") -> 0 | K37: =IFERROR(VLOOKUP(Taula_Seguiment[[#This Row],[Alumne]],Alumnes!E:AE,19,FALSE),"") -> Dual gen.
A38: 46092 | B38: Lucas Jerez, Hector | C38: DeInfo | D38: CV - Enviat | F38: =IF(Taula_Seguiment[[#This Row],[Comentari]]=F$1,Taula_Seguiment[[#This Row],[Alumne]],"") -> Lucas Jerez, Hector | G38: =IF(Taula_Seguiment[[#This Row],[Comentari]]=G$1,Taula_Seguiment[[#This Row],[Alumne]],"") | H38: =IF(Taula_Seguiment[[#This Row],[Comentari]]=H$1,Taula_Seguiment[[#This Row],[Alumne]],"") | I38: =IF(Taula_Seguiment[[#This Row],[Empresa]]="","",_xlfn.CONCAT(Taula_Seguiment[[#This Row],[Empresa]]," (",TEXT(Taula_Seguiment[[#This Row],[Data]],"dd/mm/aaaa"),")")) -> DeInfo (11/03/2026) | J38: =IFERROR(VLOOKUP(Taula_Seguiment[[#This Row],[Alumne]],Alumnes!E:AE,18,FALSE),"") -> 0 | K38: =IFERROR(VLOOKUP(Taula_Seguiment[[#This Row],[Alumne]],Alumnes!E:AE,19,FALSE),"") -> Dual gen.
A39: 46100 | B39: Simarro González, Izan | C39: DeInfo | D39: CV - Rebutjat | F39: =IF(Taula_Seguiment[[#This Row],[Comentari]]=F$1,Taula_Seguiment[[#This Row],[Alumne]],"") | G39: =IF(Taula_Seguiment[[#This Row],[Comentari]]=G$1,Taula_Seguiment[[#This Row],[Alumne]],"") -> Simarro González, Izan | H39: =IF(Taula_Seguiment[[#This Row],[Comentari]]=H$1,Taula_Seguiment[[#This Row],[Alumne]],"") | I39: =IF(Taula_Seguiment[[#This Row],[Empresa]]="","",_xlfn.CONCAT(Taula_Seguiment[[#This Row],[Empresa]]," (",TEXT(Taula_Seguiment[[#This Row],[Data]],"dd/mm/aaaa"),")")) -> DeInfo (19/03/2026) | J39: =IFERROR(VLOOKUP(Taula_Seguiment[[#This Row],[Alumne]],Alumnes!E:AE,18,FALSE),"") -> 0 | K39: =IFERROR(VLOOKUP(Taula_Seguiment[[#This Row],[Alumne]],Alumnes!E:AE,19,FALSE),"") -> Dual gen.
A40: 46100 | B40: Lucas Jerez, Hector | C40: DeInfo | D40: Seleccionat | F40: =IF(Taula_Seguiment[[#This Row],[Comentari]]=F$1,Taula_Seguiment[[#This Row],[Alumne]],"") | G40: =IF(Taula_Seguiment[[#This Row],[Comentari]]=G$1,Taula_Seguiment[[#This Row],[Alumne]],"") | H40: =IF(Taula_Seguiment[[#This Row],[Comentari]]=H$1,Taula_Seguiment[[#This Row],[Alumne]],"") | I40: =IF(Taula_Seguiment[[#This Row],[Empresa]]="","",_xlfn.CONCAT(Taula_Seguiment[[#This Row],[Empresa]]," (",TEXT(Taula_Seguiment[[#This Row],[Data]],"dd/mm/aaaa"),")")) -> DeInfo (19/03/2026) | J40: =IFERROR(VLOOKUP(Taula_Seguiment[[#This Row],[Alumne]],Alumnes!E:AE,18,FALSE),"") -> 0 | K40: =IFERROR(VLOOKUP(Taula_Seguiment[[#This Row],[Alumne]],Alumnes!E:AE,19,FALSE),"") -> Dual gen.
A41: 46104 | B41: Fernandes Teixeira, Sebastian Samuel | C41: Fundación Randstad | D41: CV - Rebutjat | F41: =IF(Taula_Seguiment[[#This Row],[Comentari]]=F$1,Taula_Seguiment[[#This Row],[Alumne]],"") | G41: =IF(Taula_Seguiment[[#This Row],[Comentari]]=G$1,Taula_Seguiment[[#This Row],[Alumne]],"") -> Fernandes Teixeira, Sebastian Samuel | H41: =IF(Taula_Seguiment[[#This Row],[Comentari]]=H$1,Taula_Seguiment[[#This Row],[Alumne]],"") | I41: =IF(Taula_Seguiment[[#This Row],[Empresa]]="","",_xlfn.CONCAT(Taula_Seguiment[[#This Row],[Empresa]]," (",TEXT(Taula_Seguiment[[#This Row],[Data]],"dd/mm/aaaa"),")")) -> Fundación Randstad (23/03/2026) | J41: =IFERROR(VLOOKUP(Taula_Seguiment[[#This Row],[Alumne]],Alumnes!E:AE,18,FALSE),"") -> 0 | K41: =IFERROR(VLOOKUP(Taula_Seguiment[[#This Row],[Alumne]],Alumnes!E:AE,19,FALSE),"") -> Dual int.
A42: 46106 | B42: Lucas Jerez, Hector | C42: DeInfo | D42: Conveni - Alta | F42: =IF(Taula_Seguiment[[#This Row],[Comentari]]=F$1,Taula_Seguiment[[#This Row],[Alumne]],"") | G42: =IF(Taula_Seguiment[[#This Row],[Comentari]]=G$1,Taula_Seguiment[[#This Row],[Alumne]],"") | H42: =IF(Taula_Seguiment[[#This Row],[Comentari]]=H$1,Taula_Seguiment[[#This Row],[Alumne]],"") | I42: =IF(Taula_Seguiment[[#This Row],[Empresa]]="","",_xlfn.CONCAT(Taula_Seguiment[[#This Row],[Empresa]]," (",TEXT(Taula_Seguiment[[#This Row],[Data]],"dd/mm/aaaa"),")")) -> DeInfo (25/03/2026) | J42: =IFERROR(VLOOKUP(Taula_Seguiment[[#This Row],[Alumne]],Alumnes!E:AE,18,FALSE),"") -> 0 | K42: =IFERROR(VLOOKUP(Taula_Seguiment[[#This Row],[Alumne]],Alumnes!E:AE,19,FALSE),"") -> Dual gen.
A43: 46108 | B43: Fernandes Teixeira, Sebastian Samuel | C43: Ingens-Networks | D43: CV - Enviat | F43: =IF(Taula_Seguiment[[#This Row],[Comentari]]=F$1,Taula_Seguiment[[#This Row],[Alumne]],"") -> Fernandes Teixeira, Sebastian Samuel | G43: =IF(Taula_Seguiment[[#This Row],[Comentari]]=G$1,Taula_Seguiment[[#This Row],[Alumne]],"") | H43: =IF(Taula_Seguiment[[#This Row],[Comentari]]=H$1,Taula_Seguiment[[#This Row],[Alumne]],"") | I43: =IF(Taula_Seguiment[[#This Row],[Empresa]]="","",_xlfn.CONCAT(Taula_Seguiment[[#This Row],[Empresa]]," (",TEXT(Taula_Seguiment[[#This Row],[Data]],"dd/mm/aaaa"),")")) -> Ingens-Networks (27/03/2026) | J43: =IFERROR(VLOOKUP(Taula_Seguiment[[#This Row],[Alumne]],Alumnes!E:AE,18,FALSE),"") -> 0 | K43: =IFERROR(VLOOKUP(Taula_Seguiment[[#This Row],[Alumne]],Alumnes!E:AE,19,FALSE),"") -> Dual int.
A44: 46119 | C44: Eada | D44: Trucada | E44: Contacte inicial, han de decidir el tipus de pràctiques. | F44: =IF(Taula_Seguiment[[#This Row],[Comentari]]=F$1,Taula_Seguiment[[#This Row],[Alumne]],"") | G44: =IF(Taula_Seguiment[[#This Row],[Comentari]]=G$1,Taula_Seguiment[[#This Row],[Alumne]],"") | H44: =IF(Taula_Seguiment[[#This Row],[Comentari]]=H$1,Taula_Seguiment[[#This Row],[Alumne]],"") | I44: =IF(Taula_Seguiment[[#This Row],[Empresa]]="","",_xlfn.CONCAT(Taula_Seguiment[[#This Row],[Empresa]]," (",TEXT(Taula_Seguiment[[#This Row],[Data]],"dd/mm/aaaa"),")")) -> Eada (07/04/2026) | J44: =IFERROR(VLOOKUP(Taula_Seguiment[[#This Row],[Alumne]],Alumnes!E:AE,18,FALSE),"") | K44: =IFERROR(VLOOKUP(Taula_Seguiment[[#This Row],[Alumne]],Alumnes!E:AE,19,FALSE),"")
A45: 46122 | C45: NetLand | D45: Enviament correu - Contacte inicial | F45: =IF(Taula_Seguiment[[#This Row],[Comentari]]=F$1,Taula_Seguiment[[#This Row],[Alumne]],"") | G45: =IF(Taula_Seguiment[[#This Row],[Comentari]]=G$1,Taula_Seguiment[[#This Row],[Alumne]],"") | H45: =IF(Taula_Seguiment[[#This Row],[Comentari]]=H$1,Taula_Seguiment[[#This Row],[Alumne]],"") | I45: =IF(Taula_Seguiment[[#This Row],[Empresa]]="","",_xlfn.CONCAT(Taula_Seguiment[[#This Row],[Empresa]]," (",TEXT(Taula_Seguiment[[#This Row],[Data]],"dd/mm/aaaa"),")")) -> NetLand (10/04/2026) | J45: =IFERROR(VLOOKUP(Taula_Seguiment[[#This Row],[Alumne]],Alumnes!E:AE,18,FALSE),"") | K45: =IFERROR(VLOOKUP(Taula_Seguiment[[#This Row],[Alumne]],Alumnes!E:AE,19,FALSE),"")
A46: 46122 | C46: Servei Meteorologic | D46: Enviament correu - Contacte inicial | F46: =IF(Taula_Seguiment[[#This Row],[Comentari]]=F$1,Taula_Seguiment[[#This Row],[Alumne]],"") | G46: =IF(Taula_Seguiment[[#This Row],[Comentari]]=G$1,Taula_Seguiment[[#This Row],[Alumne]],"") | H46: =IF(Taula_Seguiment[[#This Row],[Comentari]]=H$1,Taula_Seguiment[[#This Row],[Alumne]],"") | I46: =IF(Taula_Seguiment[[#This Row],[Empresa]]="","",_xlfn.CONCAT(Taula_Seguiment[[#This Row],[Empresa]]," (",TEXT(Taula_Seguiment[[#This Row],[Data]],"dd/mm/aaaa"),")")) -> Servei Meteorologic (10/04/2026) | J46: =IFERROR(VLOOKUP(Taula_Seguiment[[#This Row],[Alumne]],Alumnes!E:AE,18,FALSE),"") | K46: =IFERROR(VLOOKUP(Taula_Seguiment[[#This Row],[Alumne]],Alumnes!E:AE,19,FALSE),"")
A47: 46127 | B47: Miller Villalobos, Sheila | C47: Eada | D47: CV - Enviat | F47: =IF(Taula_Seguiment[[#This Row],[Comentari]]=F$1,Taula_Seguiment[[#This Row],[Alumne]],"") -> Miller Villalobos, Sheila | G47: =IF(Taula_Seguiment[[#This Row],[Comentari]]=G$1,Taula_Seguiment[[#This Row],[Alumne]],"") | H47: =IF(Taula_Seguiment[[#This Row],[Comentari]]=H$1,Taula_Seguiment[[#This Row],[Alumne]],"") | I47: =IF(Taula_Seguiment[[#This Row],[Empresa]]="","",_xlfn.CONCAT(Taula_Seguiment[[#This Row],[Empresa]]," (",TEXT(Taula_Seguiment[[#This Row],[Data]],"dd/mm/aaaa"),")")) -> Eada (15/04/2026) | J47: =IFERROR(VLOOKUP(Taula_Seguiment[[#This Row],[Alumne]],Alumnes!E:AE,18,FALSE),"") -> 0 | K47: =IFERROR(VLOOKUP(Taula_Seguiment[[#This Row],[Alumne]],Alumnes!E:AE,19,FALSE),"") -> Dual gen.
A48: 46127 | B48: Xu, Montserrat | C48: Eada | D48: CV - Enviat | F48: =IF(Taula_Seguiment[[#This Row],[Comentari]]=F$1,Taula_Seguiment[[#This Row],[Alumne]],"") -> Xu, Montserrat | G48: =IF(Taula_Seguiment[[#This Row],[Comentari]]=G$1,Taula_Seguiment[[#This Row],[Alumne]],"") | H48: =IF(Taula_Seguiment[[#This Row],[Comentari]]=H$1,Taula_Seguiment[[#This Row],[Alumne]],"") | I48: =IF(Taula_Seguiment[[#This Row],[Empresa]]="","",_xlfn.CONCAT(Taula_Seguiment[[#This Row],[Empresa]]," (",TEXT(Taula_Seguiment[[#This Row],[Data]],"dd/mm/aaaa"),")")) -> Eada (15/04/2026) | J48: =IFERROR(VLOOKUP(Taula_Seguiment[[#This Row],[Alumne]],Alumnes!E:AE,18,FALSE),"") -> 0 | K48: =IFERROR(VLOOKUP(Taula_Seguiment[[#This Row],[Alumne]],Alumnes!E:AE,19,FALSE),"") -> Dual gen.
A49: 46127 | B49: Jurado Borrell, Hugo | C49: Servei Meteorologic | D49: CV - Enviat | F49: =IF(Taula_Seguiment[[#This Row],[Comentari]]=F$1,Taula_Seguiment[[#This Row],[Alumne]],"") -> Jurado Borrell, Hugo | G49: =IF(Taula_Seguiment[[#This Row],[Comentari]]=G$1,Taula_Seguiment[[#This Row],[Alumne]],"") | H49: =IF(Taula_Seguiment[[#This Row],[Comentari]]=H$1,Taula_Seguiment[[#This Row],[Alumne]],"") | I49: =IF(Taula_Seguiment[[#This Row],[Empresa]]="","",_xlfn.CONCAT(Taula_Seguiment[[#This Row],[Empresa]]," (",TEXT(Taula_Seguiment[[#This Row],[Data]],"dd/mm/aaaa"),")")) -> Servei Meteorologic (15/04/2026) | J49: =IFERROR(VLOOKUP(Taula_Seguiment[[#This Row],[Alumne]],Alumnes!E:AE,18,FALSE),"") -> 0 | K49: =IFERROR(VLOOKUP(Taula_Seguiment[[#This Row],[Alumne]],Alumnes!E:AE,19,FALSE),"") -> Dual int.
A50: 46127 | B50: Rodríguez González, Mario | C50: Deutsche Telekom Global Business ( T-Systems) | D50: CV - Enviat | F50: =IF(Taula_Seguiment[[#This Row],[Comentari]]=F$1,Taula_Seguiment[[#This Row],[Alumne]],"") -> Rodríguez González, Mario | G50: =IF(Taula_Seguiment[[#This Row],[Comentari]]=G$1,Taula_Seguiment[[#This Row],[Alumne]],"") | H50: =IF(Taula_Seguiment[[#This Row],[Comentari]]=H$1,Taula_Seguiment[[#This Row],[Alumne]],"") | I50: =IF(Taula_Seguiment[[#This Row],[Empresa]]="","",_xlfn.CONCAT(Taula_Seguiment[[#This Row],[Empresa]]," (",TEXT(Taula_Seguiment[[#This Row],[Data]],"dd/mm/aaaa"),")")) -> Deutsche Telekom Global Business ( T-Systems) (15/04/2026) | J50: =IFERROR(VLOOKUP(Taula_Seguiment[[#This Row],[Alumne]],Alumnes!E:AE,18,FALSE),"") -> 0 | K50: =IFERROR(VLOOKUP(Taula_Seguiment[[#This Row],[Alumne]],Alumnes!E:AE,19,FALSE),"") -> Dual int.
A51: 46127 | B51: Benítes Zambrano, David | C51: Deutsche Telekom Global Business ( T-Systems) | D51: CV - Enviat | F51: =IF(Taula_Seguiment[[#This Row],[Comentari]]=F$1,Taula_Seguiment[[#This Row],[Alumne]],"") -> Benítes Zambrano, David | G51: =IF(Taula_Seguiment[[#This Row],[Comentari]]=G$1,Taula_Seguiment[[#This Row],[Alumne]],"") | H51: =IF(Taula_Seguiment[[#This Row],[Comentari]]=H$1,Taula_Seguiment[[#This Row],[Alumne]],"") | I51: =IF(Taula_Seguiment[[#This Row],[Empresa]]="","",_xlfn.CONCAT(Taula_Seguiment[[#This Row],[Empresa]]," (",TEXT(Taula_Seguiment[[#This Row],[Data]],"dd/mm/aaaa"),")")) -> Deutsche Telekom Global Business ( T-Systems) (15/04/2026) | J51: =IFERROR(VLOOKUP(Taula_Seguiment[[#This Row],[Alumne]],Alumnes!E:AE,18,FALSE),"") -> 0 | K51: =IFERROR(VLOOKUP(Taula_Seguiment[[#This Row],[Alumne]],Alumnes!E:AE,19,FALSE),"") -> Dual int.
A52: 15 | C52: Atrevia | D52: Enviament correu - Contacte inicial | F52: =IF(Taula_Seguiment[[#This Row],[Comentari]]=F$1,Taula_Seguiment[[#This Row],[Alumne]],"") | G52: =IF(Taula_Seguiment[[#This Row],[Comentari]]=G$1,Taula_Seguiment[[#This Row],[Alumne]],"") | H52: =IF(Taula_Seguiment[[#This Row],[Comentari]]=H$1,Taula_Seguiment[[#This Row],[Alumne]],"") | I52: =IF(Taula_Seguiment[[#This Row],[Empresa]]="","",_xlfn.CONCAT(Taula_Seguiment[[#This Row],[Empresa]]," (",TEXT(Taula_Seguiment[[#This Row],[Data]],"dd/mm/aaaa"),")")) -> Atrevia (15/01/1900) | J52: =IFERROR(VLOOKUP(Taula_Seguiment[[#This Row],[Alumne]],Alumnes!E:AE,18,FALSE),"") | K52: =IFERROR(VLOOKUP(Taula_Seguiment[[#This Row],[Alumne]],Alumnes!E:AE,19,FALSE),"")
A53: 46128 | B53: Miller Villalobos, Sheila | C53: Eada | D53: CV - No l'han tractat | F53: =IF(Taula_Seguiment[[#This Row],[Comentari]]=F$1,Taula_Seguiment[[#This Row],[Alumne]],"") | G53: =IF(Taula_Seguiment[[#This Row],[Comentari]]=G$1,Taula_Seguiment[[#This Row],[Alumne]],"") | H53: =IF(Taula_Seguiment[[#This Row],[Comentari]]=H$1,Taula_Seguiment[[#This Row],[Alumne]],"") -> Miller Villalobos, Sheila | I53: =IF(Taula_Seguiment[[#This Row],[Empresa]]="","",_xlfn.CONCAT(Taula_Seguiment[[#This Row],[Empresa]]," (",TEXT(Taula_Seguiment[[#This Row],[Data]],"dd/mm/aaaa"),")")) -> Eada (16/04/2026) | J53: =IFERROR(VLOOKUP(Taula_Seguiment[[#This Row],[Alumne]],Alumnes!E:AE,18,FALSE),"") -> 0 | K53: =IFERROR(VLOOKUP(Taula_Seguiment[[#This Row],[Alumne]],Alumnes!E:AE,19,FALSE),"") -> Dual gen.
A54: 46128 | B54: Xu, Montserrat | C54: Eada | D54: CV - No l'han tractat | F54: =IF(Taula_Seguiment[[#This Row],[Comentari]]=F$1,Taula_Seguiment[[#This Row],[Alumne]],"") | G54: =IF(Taula_Seguiment[[#This Row],[Comentari]]=G$1,Taula_Seguiment[[#This Row],[Alumne]],"") | H54: =IF(Taula_Seguiment[[#This Row],[Comentari]]=H$1,Taula_Seguiment[[#This Row],[Alumne]],"") -> Xu, Montserrat | I54: =IF(Taula_Seguiment[[#This Row],[Empresa]]="","",_xlfn.CONCAT(Taula_Seguiment[[#This Row],[Empresa]]," (",TEXT(Taula_Seguiment[[#This Row],[Data]],"dd/mm/aaaa"),")")) -> Eada (16/04/2026) | J54: =IFERROR(VLOOKUP(Taula_Seguiment[[#This Row],[Alumne]],Alumnes!E:AE,18,FALSE),"") -> 0 | K54: =IFERROR(VLOOKUP(Taula_Seguiment[[#This Row],[Alumne]],Alumnes!E:AE,19,FALSE),"") -> Dual gen.
A55: 46132 | C55: Ingens-Networks | D55: Trucada | E55: Estan pensant si agafar un o els dos alumnes | F55: =IF(Taula_Seguiment[[#This Row],[Comentari]]=F$1,Taula_Seguiment[[#This Row],[Alumne]],"") | G55: =IF(Taula_Seguiment[[#This Row],[Comentari]]=G$1,Taula_Seguiment[[#This Row],[Alumne]],"") | H55: =IF(Taula_Seguiment[[#This Row],[Comentari]]=H$1,Taula_Seguiment[[#This Row],[Alumne]],"") | I55: =IF(Taula_Seguiment[[#This Row],[Empresa]]="","",_xlfn.CONCAT(Taula_Seguiment[[#This Row],[Empresa]]," (",TEXT(Taula_Seguiment[[#This Row],[Data]],"dd/mm/aaaa"),")")) -> Ingens-Networks (20/04/2026) | J55: =IFERROR(VLOOKUP(Taula_Seguiment[[#This Row],[Alumne]],Alumnes!E:AE,18,FALSE),"") | K55: =IFERROR(VLOOKUP(Taula_Seguiment[[#This Row],[Alumne]],Alumnes!E:AE,19,FALSE),"")
A56: 46134 | C56: Atrevia | D56: Enviament correu - Contacte inicial | E56: Contacte per quedar més tard | F56: =IF(Taula_Seguiment[[#This Row],[Comentari]]=F$1,Taula_Seguiment[[#This Row],[Alumne]],"") | G56: =IF(Taula_Seguiment[[#This Row],[Comentari]]=G$1,Taula_Seguiment[[#This Row],[Alumne]],"") | H56: =IF(Taula_Seguiment[[#This Row],[Comentari]]=H$1,Taula_Seguiment[[#This Row],[Alumne]],"") | I56: =IF(Taula_Seguiment[[#This Row],[Empresa]]="","",_xlfn.CONCAT(Taula_Seguiment[[#This Row],[Empresa]]," (",TEXT(Taula_Seguiment[[#This Row],[Data]],"dd/mm/aaaa"),")")) -> Atrevia (22/04/2026) | J56: =IFERROR(VLOOKUP(Taula_Seguiment[[#This Row],[Alumne]],Alumnes!E:AE,18,FALSE),"") | K56: =IFERROR(VLOOKUP(Taula_Seguiment[[#This Row],[Alumne]],Alumnes!E:AE,19,FALSE),"")
A57: 46135 | C57: Servei Meteorologic | D57: Reunió programada | E57: Perfil: Windows+PS / Linux+Python / Autònom | F57: =IF(Taula_Seguiment[[#This Row],[Comentari]]=F$1,Taula_Seguiment[[#This Row],[Alumne]],"") | G57: =IF(Taula_Seguiment[[#This Row],[Comentari]]=G$1,Taula_Seguiment[[#This Row],[Alumne]],"") | H57: =IF(Taula_Seguiment[[#This Row],[Comentari]]=H$1,Taula_Seguiment[[#This Row],[Alumne]],"") | I57: =IF(Taula_Seguiment[[#This Row],[Empresa]]="","",_xlfn.CONCAT(Taula_Seguiment[[#This Row],[Empresa]]," (",TEXT(Taula_Seguiment[[#This Row],[Data]],"dd/mm/aaaa"),")")) -> Servei Meteorologic (23/04/2026) | J57: =IFERROR(VLOOKUP(Taula_Seguiment[[#This Row],[Alumne]],Alumnes!E:AE,18,FALSE),"") | K57: =IFERROR(VLOOKUP(Taula_Seguiment[[#This Row],[Alumne]],Alumnes!E:AE,19,FALSE),"")
A58: 46135 | B58: Bonfil Valldeperas, Arnau | C58: Servei Meteorologic | D58: CV - Enviat | F58: =IF(Taula_Seguiment[[#This Row],[Comentari]]=F$1,Taula_Seguiment[[#This Row],[Alumne]],"") -> Bonfil Valldeperas, Arnau | G58: =IF(Taula_Seguiment[[#This Row],[Comentari]]=G$1,Taula_Seguiment[[#This Row],[Alumne]],"") | H58: =IF(Taula_Seguiment[[#This Row],[Comentari]]=H$1,Taula_Seguiment[[#This Row],[Alumne]],"") | I58: =IF(Taula_Seguiment[[#This Row],[Empresa]]="","",_xlfn.CONCAT(Taula_Seguiment[[#This Row],[Empresa]]," (",TEXT(Taula_Seguiment[[#This Row],[Data]],"dd/mm/aaaa"),")")) -> Servei Meteorologic (23/04/2026) | J58: =IFERROR(VLOOKUP(Taula_Seguiment[[#This Row],[Alumne]],Alumnes!E:AE,18,FALSE),"") -> 0 | K58: =IFERROR(VLOOKUP(Taula_Seguiment[[#This Row],[Alumne]],Alumnes!E:AE,19,FALSE),"") -> Dual int.
A59: 46135 | B59: Chavero Grande, Pau | C59: Servei Meteorologic | D59: CV - Enviat | F59: =IF(Taula_Seguiment[[#This Row],[Comentari]]=F$1,Taula_Seguiment[[#This Row],[Alumne]],"") -> Chavero Grande, Pau | G59: =IF(Taula_Seguiment[[#This Row],[Comentari]]=G$1,Taula_Seguiment[[#This Row],[Alumne]],"") | H59: =IF(Taula_Seguiment[[#This Row],[Comentari]]=H$1,Taula_Seguiment[[#This Row],[Alumne]],"") | I59: =IF(Taula_Seguiment[[#This Row],[Empresa]]="","",_xlfn.CONCAT(Taula_Seguiment[[#This Row],[Empresa]]," (",TEXT(Taula_Seguiment[[#This Row],[Data]],"dd/mm/aaaa"),")")) -> Servei Meteorologic (23/04/2026) | J59: =IFERROR(VLOOKUP(Taula_Seguiment[[#This Row],[Alumne]],Alumnes!E:AE,18,FALSE),"") -> 0 | K59: =IFERROR(VLOOKUP(Taula_Seguiment[[#This Row],[Alumne]],Alumnes!E:AE,19,FALSE),"") -> Dual int.
A60: 46135 | B60: Fernandes Teixeira, Sebastian Samuel | C60: Ingens-Networks | D60: Seleccionat | F60: =IF(Taula_Seguiment[[#This Row],[Comentari]]=F$1,Taula_Seguiment[[#This Row],[Alumne]],"") | G60: =IF(Taula_Seguiment[[#This Row],[Comentari]]=G$1,Taula_Seguiment[[#This Row],[Alumne]],"") | H60: =IF(Taula_Seguiment[[#This Row],[Comentari]]=H$1,Taula_Seguiment[[#This Row],[Alumne]],"") | I60: =IF(Taula_Seguiment[[#This Row],[Empresa]]="","",_xlfn.CONCAT(Taula_Seguiment[[#This Row],[Empresa]]," (",TEXT(Taula_Seguiment[[#This Row],[Data]],"dd/mm/aaaa"),")")) -> Ingens-Networks (23/04/2026) | J60: =IFERROR(VLOOKUP(Taula_Seguiment[[#This Row],[Alumne]],Alumnes!E:AE,18,FALSE),"") -> 0 | K60: =IFERROR(VLOOKUP(Taula_Seguiment[[#This Row],[Alumne]],Alumnes!E:AE,19,FALSE),"") -> Dual int.
A61: 46139 | C61: Vanture ESS | D61: Trucada | E61: Volen un alumne de Dual General Li pagen a 100€/hora/mes | F61: =IF(Taula_Seguiment[[#This Row],[Comentari]]=F$1,Taula_Seguiment[[#This Row],[Alumne]],"") | G61: =IF(Taula_Seguiment[[#This Row],[Comentari]]=G$1,Taula_Seguiment[[#This Row],[Alumne]],"") | H61: =IF(Taula_Seguiment[[#This Row],[Comentari]]=H$1,Taula_Seguiment[[#This Row],[Alumne]],"") | I61: =IF(Taula_Seguiment[[#This Row],[Empresa]]="","",_xlfn.CONCAT(Taula_Seguiment[[#This Row],[Empresa]]," (",TEXT(Taula_Seguiment[[#This Row],[Data]],"dd/mm/aaaa"),")")) -> Vanture ESS (27/04/2026) | J61: =IFERROR(VLOOKUP(Taula_Seguiment[[#This Row],[Alumne]],Alumnes!E:AE,18,FALSE),"") | K61: =IFERROR(VLOOKUP(Taula_Seguiment[[#This Row],[Alumne]],Alumnes!E:AE,19,FALSE),"")
A62: 46139 | B62: Miller Villalobos, Sheila | C62: Vanture ESS | D62: CV - Enviat | F62: =IF(Taula_Seguiment[[#This Row],[Comentari]]=F$1,Taula_Seguiment[[#This Row],[Alumne]],"") -> Miller Villalobos, Sheila | G62: =IF(Taula_Seguiment[[#This Row],[Comentari]]=G$1,Taula_Seguiment[[#This Row],[Alumne]],"") | H62: =IF(Taula_Seguiment[[#This Row],[Comentari]]=H$1,Taula_Seguiment[[#This Row],[Alumne]],"") | I62: =IF(Taula_Seguiment[[#This Row],[Empresa]]="","",_xlfn.CONCAT(Taula_Seguiment[[#This Row],[Empresa]]," (",TEXT(Taula_Seguiment[[#This Row],[Data]],"dd/mm/aaaa"),")")) -> Vanture ESS (27/04/2026) | J62: =IFERROR(VLOOKUP(Taula_Seguiment[[#This Row],[Alumne]],Alumnes!E:AE,18,FALSE),"") -> 0 | K62: =IFERROR(VLOOKUP(Taula_Seguiment[[#This Row],[Alumne]],Alumnes!E:AE,19,FALSE),"") -> Dual gen.
A63: 46139 | B63: Xu, Montserrat | C63: Vanture ESS | D63: CV - Enviat | F63: =IF(Taula_Seguiment[[#This Row],[Comentari]]=F$1,Taula_Seguiment[[#This Row],[Alumne]],"") -> Xu, Montserrat | G63: =IF(Taula_Seguiment[[#This Row],[Comentari]]=G$1,Taula_Seguiment[[#This Row],[Alumne]],"") | H63: =IF(Taula_Seguiment[[#This Row],[Comentari]]=H$1,Taula_Seguiment[[#This Row],[Alumne]],"") | I63: =IF(Taula_Seguiment[[#This Row],[Empresa]]="","",_xlfn.CONCAT(Taula_Seguiment[[#This Row],[Empresa]]," (",TEXT(Taula_Seguiment[[#This Row],[Data]],"dd/mm/aaaa"),")")) -> Vanture ESS (27/04/2026) | J63: =IFERROR(VLOOKUP(Taula_Seguiment[[#This Row],[Alumne]],Alumnes!E:AE,18,FALSE),"") -> 0 | K63: =IFERROR(VLOOKUP(Taula_Seguiment[[#This Row],[Alumne]],Alumnes!E:AE,19,FALSE),"") -> Dual gen.
A64: 46139 | B64: Simarro González, Izan | C64: Vanture ESS | D64: CV - Enviat | F64: =IF(Taula_Seguiment[[#This Row],[Comentari]]=F$1,Taula_Seguiment[[#This Row],[Alumne]],"") -> Simarro González, Izan | G64: =IF(Taula_Seguiment[[#This Row],[Comentari]]=G$1,Taula_Seguiment[[#This Row],[Alumne]],"") | H64: =IF(Taula_Seguiment[[#This Row],[Comentari]]=H$1,Taula_Seguiment[[#This Row],[Alumne]],"") | I64: =IF(Taula_Seguiment[[#This Row],[Empresa]]="","",_xlfn.CONCAT(Taula_Seguiment[[#This Row],[Empresa]]," (",TEXT(Taula_Seguiment[[#This Row],[Data]],"dd/mm/aaaa"),")")) -> Vanture ESS (27/04/2026) | J64: =IFERROR(VLOOKUP(Taula_Seguiment[[#This Row],[Alumne]],Alumnes!E:AE,18,FALSE),"") -> 0 | K64: =IFERROR(VLOOKUP(Taula_Seguiment[[#This Row],[Alumne]],Alumnes!E:AE,19,FALSE),"") -> Dual gen.
A65: 46140 | B65: Miller Villalobos, Sheila | C65: Vanture ESS | D65: CV - Rebutjat | F65: =IF(Taula_Seguiment[[#This Row],[Comentari]]=F$1,Taula_Seguiment[[#This Row],[Alumne]],"") | G65: =IF(Taula_Seguiment[[#This Row],[Comentari]]=G$1,Taula_Seguiment[[#This Row],[Alumne]],"") -> Miller Villalobos, Sheila | H65: =IF(Taula_Seguiment[[#This Row],[Comentari]]=H$1,Taula_Seguiment[[#This Row],[Alumne]],"") | I65: =IF(Taula_Seguiment[[#This Row],[Empresa]]="","",_xlfn.CONCAT(Taula_Seguiment[[#This Row],[Empresa]]," (",TEXT(Taula_Seguiment[[#This Row],[Data]],"dd/mm/aaaa"),")")) -> Vanture ESS (28/04/2026) | J65: =IFERROR(VLOOKUP(Taula_Seguiment[[#This Row],[Alumne]],Alumnes!E:AE,18,FALSE),"") -> 0 | K65: =IFERROR(VLOOKUP(Taula_Seguiment[[#This Row],[Alumne]],Alumnes!E:AE,19,FALSE),"") -> Dual gen.
A66: 46141 | C66: Atrevia | D66: Trucada | E66: Reunió per tractar els futurs convenis Dual General | F66: =IF(Taula_Seguiment[[#This Row],[Comentari]]=F$1,Taula_Seguiment[[#This Row],[Alumne]],"") | G66: =IF(Taula_Seguiment[[#This Row],[Comentari]]=G$1,Taula_Seguiment[[#This Row],[Alumne]],"") | H66: =IF(Taula_Seguiment[[#This Row],[Comentari]]=H$1,Taula_Seguiment[[#This Row],[Alumne]],"") | I66: =IF(Taula_Seguiment[[#This Row],[Empresa]]="","",_xlfn.CONCAT(Taula_Seguiment[[#This Row],[Empresa]]," (",TEXT(Taula_Seguiment[[#This Row],[Data]],"dd/mm/aaaa"),")")) -> Atrevia (29/04/2026) | J66: =IFERROR(VLOOKUP(Taula_Seguiment[[#This Row],[Alumne]],Alumnes!E:AE,18,FALSE),"") | K66: =IFERROR(VLOOKUP(Taula_Seguiment[[#This Row],[Alumne]],Alumnes!E:AE,19,FALSE),"")
A67: 46142 | B67: Miller Villalobos, Sheila | C67: Atrevia | D67: CV - Enviat | F67: =IF(Taula_Seguiment[[#This Row],[Comentari]]=F$1,Taula_Seguiment[[#This Row],[Alumne]],"") -> Miller Villalobos, Sheila | G67: =IF(Taula_Seguiment[[#This Row],[Comentari]]=G$1,Taula_Seguiment[[#This Row],[Alumne]],"") | H67: =IF(Taula_Seguiment[[#This Row],[Comentari]]=H$1,Taula_Seguiment[[#This Row],[Alumne]],"") | I67: =IF(Taula_Seguiment[[#This Row],[Empresa]]="","",_xlfn.CONCAT(Taula_Seguiment[[#This Row],[Empresa]]," (",TEXT(Taula_Seguiment[[#This Row],[Data]],"dd/mm/aaaa"),")")) -> Atrevia (30/04/2026) | J67: =IFERROR(VLOOKUP(Taula_Seguiment[[#This Row],[Alumne]],Alumnes!E:AE,18,FALSE),"") -> 0 | K67: =IFERROR(VLOOKUP(Taula_Seguiment[[#This Row],[Alumne]],Alumnes!E:AE,19,FALSE),"") -> Dual gen.
A68: 46142 | B68: Guillamon Uzñate, Arnau | C68: Atrevia | D68: CV - Enviat | F68: =IF(Taula_Seguiment[[#This Row],[Comentari]]=F$1,Taula_Seguiment[[#This Row],[Alumne]],"") -> Guillamon Uzñate, Arnau | G68: =IF(Taula_Seguiment[[#This Row],[Comentari]]=G$1,Taula_Seguiment[[#This Row],[Alumne]],"") | H68: =IF(Taula_Seguiment[[#This Row],[Comentari]]=H$1,Taula_Seguiment[[#This Row],[Alumne]],"") | I68: =IF(Taula_Seguiment[[#This Row],[Empresa]]="","",_xlfn.CONCAT(Taula_Seguiment[[#This Row],[Empresa]]," (",TEXT(Taula_Seguiment[[#This Row],[Data]],"dd/mm/aaaa"),")")) -> Atrevia (30/04/2026) | J68: =IFERROR(VLOOKUP(Taula_Seguiment[[#This Row],[Alumne]],Alumnes!E:AE,18,FALSE),"") -> 0 | K68: =IFERROR(VLOOKUP(Taula_Seguiment[[#This Row],[Alumne]],Alumnes!E:AE,19,FALSE),"") -> Dual gen.
A69: 46142 | C69: NetLand | D69: Enviament correu - Contacte inicial | F69: =IF(Taula_Seguiment[[#This Row],[Comentari]]=F$1,Taula_Seguiment[[#This Row],[Alumne]],"") | G69: =IF(Taula_Seguiment[[#This Row],[Comentari]]=G$1,Taula_Seguiment[[#This Row],[Alumne]],"") | H69: =IF(Taula_Seguiment[[#This Row],[Comentari]]=H$1,Taula_Seguiment[[#This Row],[Alumne]],"") | I69: =IF(Taula_Seguiment[[#This Row],[Empresa]]="","",_xlfn.CONCAT(Taula_Seguiment[[#This Row],[Empresa]]," (",TEXT(Taula_Seguiment[[#This Row],[Data]],"dd/mm/aaaa"),")")) -> NetLand (30/04/2026) | J69: =IFERROR(VLOOKUP(Taula_Seguiment[[#This Row],[Alumne]],Alumnes!E:AE,18,FALSE),"") | K69: =IFERROR(VLOOKUP(Taula_Seguiment[[#This Row],[Alumne]],Alumnes!E:AE,19,FALSE),"")
A70: 46147 | B70: Miller Villalobos, Sheila | C70: Fast Byte | D70: CV - Enviat | F70: =IF(Taula_Seguiment[[#This Row],[Comentari]]=F$1,Taula_Seguiment[[#This Row],[Alumne]],"") -> Miller Villalobos, Sheila | G70: =IF(Taula_Seguiment[[#This Row],[Comentari]]=G$1,Taula_Seguiment[[#This Row],[Alumne]],"") | H70: =IF(Taula_Seguiment[[#This Row],[Comentari]]=H$1,Taula_Seguiment[[#This Row],[Alumne]],"") | I70: =IF(Taula_Seguiment[[#This Row],[Empresa]]="","",_xlfn.CONCAT(Taula_Seguiment[[#This Row],[Empresa]]," (",TEXT(Taula_Seguiment[[#This Row],[Data]],"dd/mm/aaaa"),")")) -> Fast Byte (05/05/2026) | J70: =IFERROR(VLOOKUP(Taula_Seguiment[[#This Row],[Alumne]],Alumnes!E:AE,18,FALSE),"") -> 0 | K70: =IFERROR(VLOOKUP(Taula_Seguiment[[#This Row],[Alumne]],Alumnes!E:AE,19,FALSE),"") -> Dual gen.
A71: 46147 | B71: Guillamon Uzñate, Arnau | C71: Fast Byte | D71: CV - Enviat | F71: =IF(Taula_Seguiment[[#This Row],[Comentari]]=F$1,Taula_Seguiment[[#This Row],[Alumne]],"") -> Guillamon Uzñate, Arnau | G71: =IF(Taula_Seguiment[[#This Row],[Comentari]]=G$1,Taula_Seguiment[[#This Row],[Alumne]],"") | H71: =IF(Taula_Seguiment[[#This Row],[Comentari]]=H$1,Taula_Seguiment[[#This Row],[Alumne]],"") | I71: =IF(Taula_Seguiment[[#This Row],[Empresa]]="","",_xlfn.CONCAT(Taula_Seguiment[[#This Row],[Empresa]]," (",TEXT(Taula_Seguiment[[#This Row],[Data]],"dd/mm/aaaa"),")")) -> Fast Byte (05/05/2026) | J71: =IFERROR(VLOOKUP(Taula_Seguiment[[#This Row],[Alumne]],Alumnes!E:AE,18,FALSE),"") -> 0 | K71: =IFERROR(VLOOKUP(Taula_Seguiment[[#This Row],[Alumne]],Alumnes!E:AE,19,FALSE),"") -> Dual gen.
A72: 46147 | C72: Fast Byte | D72: Trucada | F72: =IF(Taula_Seguiment[[#This Row],[Comentari]]=F$1,Taula_Seguiment[[#This Row],[Alumne]],"") | G72: =IF(Taula_Seguiment[[#This Row],[Comentari]]=G$1,Taula_Seguiment[[#This Row],[Alumne]],"") | H72: =IF(Taula_Seguiment[[#This Row],[Comentari]]=H$1,Taula_Seguiment[[#This Row],[Alumne]],"") | I72: =IF(Taula_Seguiment[[#This Row],[Empresa]]="","",_xlfn.CONCAT(Taula_Seguiment[[#This Row],[Empresa]]," (",TEXT(Taula_Seguiment[[#This Row],[Data]],"dd/mm/aaaa"),")")) -> Fast Byte (05/05/2026) | J72: =IFERROR(VLOOKUP(Taula_Seguiment[[#This Row],[Alumne]],Alumnes!E:AE,18,FALSE),"") | K72: =IFERROR(VLOOKUP(Taula_Seguiment[[#This Row],[Alumne]],Alumnes!E:AE,19,FALSE),"")
A73: 46147 | C73: NetLand | D73: Trucada | F73: =IF(Taula_Seguiment[[#This Row],[Comentari]]=F$1,Taula_Seguiment[[#This Row],[Alumne]],"") | G73: =IF(Taula_Seguiment[[#This Row],[Comentari]]=G$1,Taula_Seguiment[[#This Row],[Alumne]],"") | H73: =IF(Taula_Seguiment[[#This Row],[Comentari]]=H$1,Taula_Seguiment[[#This Row],[Alumne]],"") | I73: =IF(Taula_Seguiment[[#This Row],[Empresa]]="","",_xlfn.CONCAT(Taula_Seguiment[[#This Row],[Empresa]]," (",TEXT(Taula_Seguiment[[#This Row],[Data]],"dd/mm/aaaa"),")")) -> NetLand (05/05/2026) | J73: =IFERROR(VLOOKUP(Taula_Seguiment[[#This Row],[Alumne]],Alumnes!E:AE,18,FALSE),"") | K73: =IFERROR(VLOOKUP(Taula_Seguiment[[#This Row],[Alumne]],Alumnes!E:AE,19,FALSE),"")
A74: 46147 | B74: Xu, Montserrat | C74: Vanture ESS | D74: Seleccionat | F74: =IF(Taula_Seguiment[[#This Row],[Comentari]]=F$1,Taula_Seguiment[[#This Row],[Alumne]],"") | G74: =IF(Taula_Seguiment[[#This Row],[Comentari]]=G$1,Taula_Seguiment[[#This Row],[Alumne]],"") | H74: =IF(Taula_Seguiment[[#This Row],[Comentari]]=H$1,Taula_Seguiment[[#This Row],[Alumne]],"") | I74: =IF(Taula_Seguiment[[#This Row],[Empresa]]="","",_xlfn.CONCAT(Taula_Seguiment[[#This Row],[Empresa]]," (",TEXT(Taula_Seguiment[[#This Row],[Data]],"dd/mm/aaaa"),")")) -> Vanture ESS (05/05/2026) | J74: =IFERROR(VLOOKUP(Taula_Seguiment[[#This Row],[Alumne]],Alumnes!E:AE,18,FALSE),"") -> 0 | K74: =IFERROR(VLOOKUP(Taula_Seguiment[[#This Row],[Alumne]],Alumnes!E:AE,19,FALSE),"") -> Dual gen.
A75: 46147 | B75: Simarro González, Izan | C75: Vanture ESS | D75: CV - Rebutjat | F75: =IF(Taula_Seguiment[[#This Row],[Comentari]]=F$1,Taula_Seguiment[[#This Row],[Alumne]],"") | G75: =IF(Taula_Seguiment[[#This Row],[Comentari]]=G$1,Taula_Seguiment[[#This Row],[Alumne]],"") -> Simarro González, Izan | H75: =IF(Taula_Seguiment[[#This Row],[Comentari]]=H$1,Taula_Seguiment[[#This Row],[Alumne]],"") | I75: =IF(Taula_Seguiment[[#This Row],[Empresa]]="","",_xlfn.CONCAT(Taula_Seguiment[[#This Row],[Empresa]]," (",TEXT(Taula_Seguiment[[#This Row],[Data]],"dd/mm/aaaa"),")")) -> Vanture ESS (05/05/2026) | J75: =IFERROR(VLOOKUP(Taula_Seguiment[[#This Row],[Alumne]],Alumnes!E:AE,18,FALSE),"") -> 0 | K75: =IFERROR(VLOOKUP(Taula_Seguiment[[#This Row],[Alumne]],Alumnes!E:AE,19,FALSE),"") -> Dual gen.
A76: 46149 | B76: Miravete Núñez, Tristan | C76: NetLand | D76: CV - Enviat | F76: =IF(Taula_Seguiment[[#This Row],[Comentari]]=F$1,Taula_Seguiment[[#This Row],[Alumne]],"") -> Miravete Núñez, Tristan | G76: =IF(Taula_Seguiment[[#This Row],[Comentari]]=G$1,Taula_Seguiment[[#This Row],[Alumne]],"") | H76: =IF(Taula_Seguiment[[#This Row],[Comentari]]=H$1,Taula_Seguiment[[#This Row],[Alumne]],"") | I76: =IF(Taula_Seguiment[[#This Row],[Empresa]]="","",_xlfn.CONCAT(Taula_Seguiment[[#This Row],[Empresa]]," (",TEXT(Taula_Seguiment[[#This Row],[Data]],"dd/mm/aaaa"),")")) -> NetLand (07/05/2026) | J76: =IFERROR(VLOOKUP(Taula_Seguiment[[#This Row],[Alumne]],Alumnes!E:AE,18,FALSE),"") -> 0 | K76: =IFERROR(VLOOKUP(Taula_Seguiment[[#This Row],[Alumne]],Alumnes!E:AE,19,FALSE),"") -> Dual gen.
A77: 46149 | B77: Guillamon Uzñate, Arnau | C77: NetLand | D77: CV - Enviat | F77: =IF(Taula_Seguiment[[#This Row],[Comentari]]=F$1,Taula_Seguiment[[#This Row],[Alumne]],"") -> Guillamon Uzñate, Arnau | G77: =IF(Taula_Seguiment[[#This Row],[Comentari]]=G$1,Taula_Seguiment[[#This Row],[Alumne]],"") | H77: =IF(Taula_Seguiment[[#This Row],[Comentari]]=H$1,Taula_Seguiment[[#This Row],[Alumne]],"") | I77: =IF(Taula_Seguiment[[#This Row],[Empresa]]="","",_xlfn.CONCAT(Taula_Seguiment[[#This Row],[Empresa]]," (",TEXT(Taula_Seguiment[[#This Row],[Data]],"dd/mm/aaaa"),")")) -> NetLand (07/05/2026) | J77: =IFERROR(VLOOKUP(Taula_Seguiment[[#This Row],[Alumne]],Alumnes!E:AE,18,FALSE),"") -> 0 | K77: =IFERROR(VLOOKUP(Taula_Seguiment[[#This Row],[Alumne]],Alumnes!E:AE,19,FALSE),"") -> Dual gen.
A78: 46148 | B78: Jurado Borrell, Hugo | C78: Servei Meteorologic | D78: CV - Rebutjat | F78: =IF(Taula_Seguiment[[#This Row],[Comentari]]=F$1,Taula_Seguiment[[#This Row],[Alumne]],"") | G78: =IF(Taula_Seguiment[[#This Row],[Comentari]]=G$1,Taula_Seguiment[[#This Row],[Alumne]],"") -> Jurado Borrell, Hugo | H78: =IF(Taula_Seguiment[[#This Row],[Comentari]]=H$1,Taula_Seguiment[[#This Row],[Alumne]],"") | I78: =IF(Taula_Seguiment[[#This Row],[Empresa]]="","",_xlfn.CONCAT(Taula_Seguiment[[#This Row],[Empresa]]," (",TEXT(Taula_Seguiment[[#This Row],[Data]],"dd/mm/aaaa"),")")) -> Servei Meteorologic (06/05/2026) | J78: =IFERROR(VLOOKUP(Taula_Seguiment[[#This Row],[Alumne]],Alumnes!E:AE,18,FALSE),"") -> 0 | K78: =IFERROR(VLOOKUP(Taula_Seguiment[[#This Row],[Alumne]],Alumnes!E:AE,19,FALSE),"") -> Dual int.
A79: 46148 | B79: Bonfil Valldeperas, Arnau | C79: Servei Meteorologic | D79: Seleccionat | F79: =IF(Taula_Seguiment[[#This Row],[Comentari]]=F$1,Taula_Seguiment[[#This Row],[Alumne]],"") | G79: =IF(Taula_Seguiment[[#This Row],[Comentari]]=G$1,Taula_Seguiment[[#This Row],[Alumne]],"") | H79: =IF(Taula_Seguiment[[#This Row],[Comentari]]=H$1,Taula_Seguiment[[#This Row],[Alumne]],"") | I79: =IF(Taula_Seguiment[[#This Row],[Empresa]]="","",_xlfn.CONCAT(Taula_Seguiment[[#This Row],[Empresa]]," (",TEXT(Taula_Seguiment[[#This Row],[Data]],"dd/mm/aaaa"),")")) -> Servei Meteorologic (06/05/2026) | J79: =IFERROR(VLOOKUP(Taula_Seguiment[[#This Row],[Alumne]],Alumnes!E:AE,18,FALSE),"") -> 0 | K79: =IFERROR(VLOOKUP(Taula_Seguiment[[#This Row],[Alumne]],Alumnes!E:AE,19,FALSE),"") -> Dual int.
A80: 46148 | B80: Chavero Grande, Pau | C80: Servei Meteorologic | D80: CV - Rebutjat | F80: =IF(Taula_Seguiment[[#This Row],[Comentari]]=F$1,Taula_Seguiment[[#This Row],[Alumne]],"") | G80: =IF(Taula_Seguiment[[#This Row],[Comentari]]=G$1,Taula_Seguiment[[#This Row],[Alumne]],"") -> Chavero Grande, Pau | H80: =IF(Taula_Seguiment[[#This Row],[Comentari]]=H$1,Taula_Seguiment[[#This Row],[Alumne]],"") | I80: =IF(Taula_Seguiment[[#This Row],[Empresa]]="","",_xlfn.CONCAT(Taula_Seguiment[[#This Row],[Empresa]]," (",TEXT(Taula_Seguiment[[#This Row],[Data]],"dd/mm/aaaa"),")")) -> Servei Meteorologic (06/05/2026) | J80: =IFERROR(VLOOKUP(Taula_Seguiment[[#This Row],[Alumne]],Alumnes!E:AE,18,FALSE),"") -> 0 | K80: =IFERROR(VLOOKUP(Taula_Seguiment[[#This Row],[Alumne]],Alumnes!E:AE,19,FALSE),"") -> Dual int.
A81: 46135 | B81: Dublanche, Alexis Stéphane Fran | C81: Ingens-Networks | D81: CV - Rebutjat | F81: =IF(Taula_Seguiment[[#This Row],[Comentari]]=F$1,Taula_Seguiment[[#This Row],[Alumne]],"") | G81: =IF(Taula_Seguiment[[#This Row],[Comentari]]=G$1,Taula_Seguiment[[#This Row],[Alumne]],"") -> Dublanche, Alexis Stéphane Fran | H81: =IF(Taula_Seguiment[[#This Row],[Comentari]]=H$1,Taula_Seguiment[[#This Row],[Alumne]],"") | I81: =IF(Taula_Seguiment[[#This Row],[Empresa]]="","",_xlfn.CONCAT(Taula_Seguiment[[#This Row],[Empresa]]," (",TEXT(Taula_Seguiment[[#This Row],[Data]],"dd/mm/aaaa"),")")) -> Ingens-Networks (23/04/2026) | J81: =IFERROR(VLOOKUP(Taula_Seguiment[[#This Row],[Alumne]],Alumnes!E:AE,18,FALSE),"") -> 0 | K81: =IFERROR(VLOOKUP(Taula_Seguiment[[#This Row],[Alumne]],Alumnes!E:AE,19,FALSE),"") -> Dual int.
A82: 46149 | B82: Rodríguez González, Mario | C82: Deutsche Telekom Global Business ( T-Systems) | D82: CV - Rebutjat | F82: =IF(Taula_Seguiment[[#This Row],[Comentari]]=F$1,Taula_Seguiment[[#This Row],[Alumne]],"") | G82: =IF(Taula_Seguiment[[#This Row],[Comentari]]=G$1,Taula_Seguiment[[#This Row],[Alumne]],"") -> Rodríguez González, Mario | H82: =IF(Taula_Seguiment[[#This Row],[Comentari]]=H$1,Taula_Seguiment[[#This Row],[Alumne]],"") | I82: =IF(Taula_Seguiment[[#This Row],[Empresa]]="","",_xlfn.CONCAT(Taula_Seguiment[[#This Row],[Empresa]]," (",TEXT(Taula_Seguiment[[#This Row],[Data]],"dd/mm/aaaa"),")")) -> Deutsche Telekom Global Business ( T-Systems) (07/05/2026) | J82: =IFERROR(VLOOKUP(Taula_Seguiment[[#This Row],[Alumne]],Alumnes!E:AE,18,FALSE),"") -> 0 | K82: =IFERROR(VLOOKUP(Taula_Seguiment[[#This Row],[Alumne]],Alumnes!E:AE,19,FALSE),"") -> Dual int.
A83: 46149 | B83: Rodríguez González, Mario | C83: Larian Studios Spain SL | D83: CV - Rebutjat | F83: =IF(Taula_Seguiment[[#This Row],[Comentari]]=F$1,Taula_Seguiment[[#This Row],[Alumne]],"") | G83: =IF(Taula_Seguiment[[#This Row],[Comentari]]=G$1,Taula_Seguiment[[#This Row],[Alumne]],"") -> Rodríguez González, Mario | H83: =IF(Taula_Seguiment[[#This Row],[Comentari]]=H$1,Taula_Seguiment[[#This Row],[Alumne]],"") | I83: =IF(Taula_Seguiment[[#This Row],[Empresa]]="","",_xlfn.CONCAT(Taula_Seguiment[[#This Row],[Empresa]]," (",TEXT(Taula_Seguiment[[#This Row],[Data]],"dd/mm/aaaa"),")")) -> Larian Studios Spain SL (07/05/2026) | J83: =IFERROR(VLOOKUP(Taula_Seguiment[[#This Row],[Alumne]],Alumnes!E:AE,18,FALSE),"") -> 0 | K83: =IFERROR(VLOOKUP(Taula_Seguiment[[#This Row],[Alumne]],Alumnes!E:AE,19,FALSE),"") -> Dual int.
A84: 46149 | B84: Benítes Zambrano, David | C84: Larian Studios Spain SL | D84: CV - Rebutjat | F84: =IF(Taula_Seguiment[[#This Row],[Comentari]]=F$1,Taula_Seguiment[[#This Row],[Alumne]],"") | G84: =IF(Taula_Seguiment[[#This Row],[Comentari]]=G$1,Taula_Seguiment[[#This Row],[Alumne]],"") -> Benítes Zambrano, David | H84: =IF(Taula_Seguiment[[#This Row],[Comentari]]=H$1,Taula_Seguiment[[#This Row],[Alumne]],"") | I84: =IF(Taula_Seguiment[[#This Row],[Empresa]]="","",_xlfn.CONCAT(Taula_Seguiment[[#This Row],[Empresa]]," (",TEXT(Taula_Seguiment[[#This Row],[Data]],"dd/mm/aaaa"),")")) -> Larian Studios Spain SL (07/05/2026) | J84: =IFERROR(VLOOKUP(Taula_Seguiment[[#This Row],[Alumne]],Alumnes!E:AE,18,FALSE),"") -> 0 | K84: =IFERROR(VLOOKUP(Taula_Seguiment[[#This Row],[Alumne]],Alumnes!E:AE,19,FALSE),"") -> Dual int.
A85: 46150 | B85: Miller Villalobos, Sheila | C85: Atrevia | D85: Seleccionat | F85: =IF(Taula_Seguiment[[#This Row],[Comentari]]=F$1,Taula_Seguiment[[#This Row],[Alumne]],"") | G85: =IF(Taula_Seguiment[[#This Row],[Comentari]]=G$1,Taula_Seguiment[[#This Row],[Alumne]],"") | H85: =IF(Taula_Seguiment[[#This Row],[Comentari]]=H$1,Taula_Seguiment[[#This Row],[Alumne]],"") | I85: =IF(Taula_Seguiment[[#This Row],[Empresa]]="","",_xlfn.CONCAT(Taula_Seguiment[[#This Row],[Empresa]]," (",TEXT(Taula_Seguiment[[#This Row],[Data]],"dd/mm/aaaa"),")")) -> Atrevia (08/05/2026) | J85: =IFERROR(VLOOKUP(Taula_Seguiment[[#This Row],[Alumne]],Alumnes!E:AE,18,FALSE),"") -> 0 | K85: =IFERROR(VLOOKUP(Taula_Seguiment[[#This Row],[Alumne]],Alumnes!E:AE,19,FALSE),"") -> Dual gen.
A86: 46150 | B86: Guillamon Uzñate, Arnau | C86: Atrevia | D86: CV - Rebutjat | F86: =IF(Taula_Seguiment[[#This Row],[Comentari]]=F$1,Taula_Seguiment[[#This Row],[Alumne]],"") | G86: =IF(Taula_Seguiment[[#This Row],[Comentari]]=G$1,Taula_Seguiment[[#This Row],[Alumne]],"") -> Guillamon Uzñate, Arnau | H86: =IF(Taula_Seguiment[[#This Row],[Comentari]]=H$1,Taula_Seguiment[[#This Row],[Alumne]],"") | I86: =IF(Taula_Seguiment[[#This Row],[Empresa]]="","",_xlfn.CONCAT(Taula_Seguiment[[#This Row],[Empresa]]," (",TEXT(Taula_Seguiment[[#This Row],[Data]],"dd/mm/aaaa"),")")) -> Atrevia (08/05/2026) | J86: =IFERROR(VLOOKUP(Taula_Seguiment[[#This Row],[Alumne]],Alumnes!E:AE,18,FALSE),"") -> 0 | K86: =IFERROR(VLOOKUP(Taula_Seguiment[[#This Row],[Alumne]],Alumnes!E:AE,19,FALSE),"") -> Dual gen.
A87: 46150 | B87: Miller Villalobos, Sheila | C87: Fast Byte | D87: CV - No l'han tractat | E87: Ja seleccionad | F87: =IF(Taula_Seguiment[[#This Row],[Comentari]]=F$1,Taula_Seguiment[[#This Row],[Alumne]],"") | G87: =IF(Taula_Seguiment[[#This Row],[Comentari]]=G$1,Taula_Seguiment[[#This Row],[Alumne]],"") | H87: =IF(Taula_Seguiment[[#This Row],[Comentari]]=H$1,Taula_Seguiment[[#This Row],[Alumne]],"") -> Miller Villalobos, Sheila | I87: =IF(Taula_Seguiment[[#This Row],[Empresa]]="","",_xlfn.CONCAT(Taula_Seguiment[[#This Row],[Empresa]]," (",TEXT(Taula_Seguiment[[#This Row],[Data]],"dd/mm/aaaa"),")")) -> Fast Byte (08/05/2026) | J87: =IFERROR(VLOOKUP(Taula_Seguiment[[#This Row],[Alumne]],Alumnes!E:AE,18,FALSE),"") -> 0 | K87: =IFERROR(VLOOKUP(Taula_Seguiment[[#This Row],[Alumne]],Alumnes!E:AE,19,FALSE),"") -> Dual gen.
A88: 46150 | C88: Solucions informàtiques Kaizen | D88: Enviament correu - Contacte inicial | F88: =IF(Taula_Seguiment[[#This Row],[Comentari]]=F$1,Taula_Seguiment[[#This Row],[Alumne]],"") | G88: =IF(Taula_Seguiment[[#This Row],[Comentari]]=G$1,Taula_Seguiment[[#This Row],[Alumne]],"") | H88: =IF(Taula_Seguiment[[#This Row],[Comentari]]=H$1,Taula_Seguiment[[#This Row],[Alumne]],"") | I88: =IF(Taula_Seguiment[[#This Row],[Empresa]]="","",_xlfn.CONCAT(Taula_Seguiment[[#This Row],[Empresa]]," (",TEXT(Taula_Seguiment[[#This Row],[Data]],"dd/mm/aaaa"),")")) -> Solucions informàtiques Kaizen (08/05/2026) | J88: =IFERROR(VLOOKUP(Taula_Seguiment[[#This Row],[Alumne]],Alumnes!E:AE,18,FALSE),"") | K88: =IFERROR(VLOOKUP(Taula_Seguiment[[#This Row],[Alumne]],Alumnes!E:AE,19,FALSE),"")
A89: 46154 | C89: Solucions informàtiques Kaizen | D89: Trucada | E89: Està d'acord en tenir l'Ivan per les pràctiques, li haig de dir dijous el tipus que li toquen a l'alumne. | F89: =IF(Taula_Seguiment[[#This Row],[Comentari]]=F$1,Taula_Seguiment[[#This Row],[Alumne]],"") | G89: =IF(Taula_Seguiment[[#This Row],[Comentari]]=G$1,Taula_Seguiment[[#This Row],[Alumne]],"") | H89: =IF(Taula_Seguiment[[#This Row],[Comentari]]=H$1,Taula_Seguiment[[#This Row],[Alumne]],"") | I89: =IF(Taula_Seguiment[[#This Row],[Empresa]]="","",_xlfn.CONCAT(Taula_Seguiment[[#This Row],[Empresa]]," (",TEXT(Taula_Seguiment[[#This Row],[Data]],"dd/mm/aaaa"),")")) -> Solucions informàtiques Kaizen (12/05/2026) | J89: =IFERROR(VLOOKUP(Taula_Seguiment[[#This Row],[Alumne]],Alumnes!E:AE,18,FALSE),"") | K89: =IFERROR(VLOOKUP(Taula_Seguiment[[#This Row],[Alumne]],Alumnes!E:AE,19,FALSE),"")
A90: 46154 | B90: Miravete Núñez, Tristan | C90: NetLand | D90: CV - Rebutjat | F90: =IF(Taula_Seguiment[[#This Row],[Comentari]]=F$1,Taula_Seguiment[[#This Row],[Alumne]],"") | G90: =IF(Taula_Seguiment[[#This Row],[Comentari]]=G$1,Taula_Seguiment[[#This Row],[Alumne]],"") -> Miravete Núñez, Tristan | H90: =IF(Taula_Seguiment[[#This Row],[Comentari]]=H$1,Taula_Seguiment[[#This Row],[Alumne]],"") | I90: =IF(Taula_Seguiment[[#This Row],[Empresa]]="","",_xlfn.CONCAT(Taula_Seguiment[[#This Row],[Empresa]]," (",TEXT(Taula_Seguiment[[#This Row],[Data]],"dd/mm/aaaa"),")")) -> NetLand (12/05/2026) | J90: =IFERROR(VLOOKUP(Taula_Seguiment[[#This Row],[Alumne]],Alumnes!E:AE,18,FALSE),"") -> 0 | K90: =IFERROR(VLOOKUP(Taula_Seguiment[[#This Row],[Alumne]],Alumnes!E:AE,19,FALSE),"") -> Dual gen.
A91: 46154 | B91: Guillamon Uzñate, Arnau | C91: NetLand | D91: Seleccionat | F91: =IF(Taula_Seguiment[[#This Row],[Comentari]]=F$1,Taula_Seguiment[[#This Row],[Alumne]],"") | G91: =IF(Taula_Seguiment[[#This Row],[Comentari]]=G$1,Taula_Seguiment[[#This Row],[Alumne]],"") | H91: =IF(Taula_Seguiment[[#This Row],[Comentari]]=H$1,Taula_Seguiment[[#This Row],[Alumne]],"") | I91: =IF(Taula_Seguiment[[#This Row],[Empresa]]="","",_xlfn.CONCAT(Taula_Seguiment[[#This Row],[Empresa]]," (",TEXT(Taula_Seguiment[[#This Row],[Data]],"dd/mm/aaaa"),")")) -> NetLand (12/05/2026) | J91: =IFERROR(VLOOKUP(Taula_Seguiment[[#This Row],[Alumne]],Alumnes!E:AE,18,FALSE),"") -> 0 | K91: =IFERROR(VLOOKUP(Taula_Seguiment[[#This Row],[Alumne]],Alumnes!E:AE,19,FALSE),"") -> Dual gen.
A92: 46155 | B92: Jurado Borrell, Hugo | C92: Sidogras y Flex Internacional | D92: CV - No l'han tractat | F92: =IF(Taula_Seguiment[[#This Row],[Comentari]]=F$1,Taula_Seguiment[[#This Row],[Alumne]],"") | G92: =IF(Taula_Seguiment[[#This Row],[Comentari]]=G$1,Taula_Seguiment[[#This Row],[Alumne]],"") | H92: =IF(Taula_Seguiment[[#This Row],[Comentari]]=H$1,Taula_Seguiment[[#This Row],[Alumne]],"") -> Jurado Borrell, Hugo | I92: =IF(Taula_Seguiment[[#This Row],[Empresa]]="","",_xlfn.CONCAT(Taula_Seguiment[[#This Row],[Empresa]]," (",TEXT(Taula_Seguiment[[#This Row],[Data]],"dd/mm/aaaa"),")")) -> Sidogras y Flex Internacional (13/05/2026) | J92: =IFERROR(VLOOKUP(Taula_Seguiment[[#This Row],[Alumne]],Alumnes!E:AE,18,FALSE),"") -> 0 | K92: =IFERROR(VLOOKUP(Taula_Seguiment[[#This Row],[Alumne]],Alumnes!E:AE,19,FALSE),"") -> Dual int.
A93: 46127 | B93: Benítes Zambrano, David | C93: Deutsche Telekom Global Business ( T-Systems) | D93: CV - Rebutjat | F93: =IF(Taula_Seguiment[[#This Row],[Comentari]]=F$1,Taula_Seguiment[[#This Row],[Alumne]],"") | G93: =IF(Taula_Seguiment[[#This Row],[Comentari]]=G$1,Taula_Seguiment[[#This Row],[Alumne]],"") -> Benítes Zambrano, David | H93: =IF(Taula_Seguiment[[#This Row],[Comentari]]=H$1,Taula_Seguiment[[#This Row],[Alumne]],"") | I93: =IF(Taula_Seguiment[[#This Row],[Empresa]]="","",_xlfn.CONCAT(Taula_Seguiment[[#This Row],[Empresa]]," (",TEXT(Taula_Seguiment[[#This Row],[Data]],"dd/mm/aaaa"),")")) -> Deutsche Telekom Global Business ( T-Systems) (15/04/2026) | J93: =IFERROR(VLOOKUP(Taula_Seguiment[[#This Row],[Alumne]],Alumnes!E:AE,18,FALSE),"") -> 0 | K93: =IFERROR(VLOOKUP(Taula_Seguiment[[#This Row],[Alumne]],Alumnes!E:AE,19,FALSE),"") -> Dual int.

Sheet Resum alumnes
B1: Ok | C1: (Tot)
B3: Etiquetes de fila | C3: Estat | D3: Recompte de Nom
B4: Convalidació | C4: Pendent | D4: 1
C5: Camps Atmetller, Jan | D5: 1
B7: Dual gen. | C7: Dual gen. | D7: 2
C8: Lucas Jerez, Hector | D8: 1
C9: Ricote Fernández, Marc | D9: 1
C11: Entrevista Dual gen. | D11: 5
C12: Corbelle Padin, Iago | D12: 1
C13: Guillamon Uzñate, Arnau | D13: 1
C14: Miller Villalobos, Sheila | D14: 1
C15: Simarro González, Izan | D15: 1
C16: Xu, Montserrat | D16: 1
C18: Pendent | D18: 3
C19: Aguayo Barrientos, Jose Wigberto | D19: 1
C20: Cebrián Piñeiro, Rocco | D20: 1
C21: Miravete Núñez, Tristan | D21: 1
B23: Dual int. | C23: Dual int. | D23: 3
C24: Almendros García, Javier | D24: 1
C25: Espejo Martínez, Ivan | D25: 1
C26: Fernandes Teixeira, Sebastian Samuel | D26: 1
C28: Pendent | D28: 1
C29: Guerra Alberti, Edgar | D29: 1
C31: Entrevista Dual int. | D31: 6
C32: Benítes Zambrano, David | D32: 1
C33: Bonfil Valldeperas, Arnau | D33: 1
C34: Chavero Grande, Pau | D34: 1
C35: Dublanche, Alexis Stéphane Fran | D35: 1
C36: Jurado Borrell, Hugo | D36: 1
C37: Rodríguez González, Mario | D37: 1
B39: No assig. | C39: Pendent | D39: 6
C40: Barrios López, Iván | D40: 1
C41: Farré Marín, Joan | D41: 1
C42: Gallego Pérez, Dídac | D42: 1
C43: Pérez Hernando, Álvaro | D43: 1
C44: Pesado Flores, Samuel | D44: 1
C45: Xufré Prieto, Biel | D45: 1
B47: Posposada | C47: Pendent | D47: 1
C48: Sánchez Herrera, Andres Mauricio | D48: 1
B50: Total general | D50: 28

Sheet Resum seguiment
B3: Etiquetes de fila | C3: Alumne | D3: Data
C4: (en blanc) | D4: 15
D5: Atrevia
D6: Enviament correu - Contacte inicial
D7: 46071
D8: Sidogras y Flex Internacional
D9: Altres
D10: Enviament correu - Contacte inicial
D11: 46072
D12: OUA Gestió del Territori i Urbanisme S. L.
D13: Altres
D14: Enviament correu - Contacte inicial
D15: 46078
D16: MK Development
D17: Enviament correu - Contacte inicial
D18: Plural Informática
D19: Enviament correu - Contacte inicial
D20: 46079
D21: MK Development
D22: Trucada
D23: Plural Informática
D24: Trucada
D25: 46083
D26: Ingens-Networks
D27: Enviament correu - Contacte inicial
D28: 46085
D29: Fundación Randstad
D30: Enviament correu - Contacte inicial
D31: Larian Studios Spain SL
D32: Enviament correu - Contacte inicial
D33: 46086
D34: Fundación Randstad
D35: Reunió programada
D36: 46090
D37: Larian Studios Spain SL
D38: Trucada
D39: 46092
D40: Frigicoll
D41: Trucada
D42: Sirt
D43: Enviament correu - Contacte inicial
D44: 46119
D45: Eada
D46: Trucada
D47: 46122
D48: NetLand
D49: Enviament correu - Contacte inicial
D50: Servei Meteorologic
D51: Enviament correu - Contacte inicial
D52: 46132
D53: Ingens-Networks
D54: Trucada
D55: 46134
D56: Atrevia
D57: Enviament correu - Contacte inicial
D58: 46135
D59: Servei Meteorologic
D60: Reunió programada
D61: 46139
D62: Vanture ESS
D63: Trucada
B64: Dual gen. | C64: Corbelle Padin, Iago | D64: 46091
D65: Plural Informática
D66: CV - Enviat
C67: Guillamon Uzñate, Arnau | D67: 46091
D68: Plural Informática
D69: CV - Enviat
C70: Simarro González, Izan | D70: 46092
D71: DeInfo
D72: CV - Enviat
D73: 46100
D74: DeInfo
D75: CV - Rebutjat
D76: 46139
D77: Vanture ESS
D78: CV - Enviat
D79: 46140
D80: Vanture ESS
D81: CV - Rebutjat
C82: Lucas Jerez, Hector | D82: 46092
D83: DeInfo
D84: CV - Enviat
D85: 46100
D86: DeInfo
D87: Seleccionat
D88: 46106
D89: DeInfo
D90: Conveni - Alta
C91: Miller Villalobos, Sheila | D91: 46127
D92: Eada
D93: CV - Enviat
D94: 46128
D95: Eada
D96: CV - Rebutjat
D97: CV - No l'han tractat
D98: 46139
D99: Vanture ESS
D100: CV - Enviat
D101: 46140
D102: Vanture ESS
...

Sheet Paràmetres
A1: Pendent | C1: Comentari | E1: Tipus
A2: Contracte associat | C2: CV - Enviat | E2: Convalidació
A3: Convalidació | C3: CV - Rebutjat | E3: Dual gen.
A4: Dual gen. | C4: Conveni - Alta | E4: Dual int.
A5: Dual int. | C5: Conveni - Baixa | E5: No assig.
A6: Entrevista Dual gen. | C6: Conveni - Modificació | E6: Posposada
A7: Entrevista Dual int. | C7: Enviament correu - Contactar en un futur
A8: Pendent contracte associat | C8: Enviament correu - Contacte inicial
A9: Pendent convalidació | C9: Enviament correu - Curriculums
A10: Pendent Dual gen. | C10: Enviament correu - Document registre empresa
A11: Pendent Dual int. | C11: Enviament correu - Petició documentació per l'exempció
A12: Pendent DualSigner | C12: Reunió programada
A13: Pendent Conveni | C13: Seleccionat
A14: Pràctiques finalitzades | C14: Xerrada de seguiment
A15: Pendent | C15: Altres
C16: Trucada
C17: ???
C18: CV - No l'han tractat

Sheet Questionari
A1: Marca de temps | B1: Adreça electrònica | C1: Grup | D1: N.I.F / .N.I.E | E1: 1r. Cognom | F1: 2n. Cognom | G1: Nom | H1: Adreça | I1: Població | J1: C.P. | K1: Telèfon | L1: E-mail (@sarria.salesians.cat) | M1: Data de Naixement | N1: # Ttargeta Sanitària | O1: # Seguretat Social | P1: Any Escolar | Q1: Observacions
A2: 46057.738 | B2: jw.aguayo.25@sarria.salesians.cat | C2: S1SX ( Administració de Sistemes Informàtics en Xarxa ) | D2: Z3653609H | E2: AGUAYO | F2: BARRIENTOS | G2: JOSE WIGBERTO | H2: BV-2041 KM 3.5 GAVA | I2: GAVA | J2: 8850 | K2: 677653250 | L2: jw.aguayo.25@sarria.salesians.cat | M2: 39307 | N2: AGBA 0 070813 00 9 | O2: - | P2: 2025-2026 | Q2: Número de la Seguretat Social me lo sacaran luego
A3: 46055.696 | B3: javier.almendros@sarria.salesians.cat | C3: S1SX ( Administració de Sistemes Informàtics en Xarxa ) | D3: 47593525Q | E3: almendros | F3: garcia | G3: javier | H3: carretera reial 79 | I3: Sant Just Desvern | J3: 8960 | K3: 689066146 | L3: javier.almendros@sarria.salesians.cat | M3: 39161 | N3: ALGA 0 070320 00 2 | O3: 81272358665 | P3: 2025-2026 | Q3: me gastaría la dual intensiva y quiero ir a la uni
A4: 46055.692 | B4: ivan.barrios@sarria.salesians.cat | C4: S1SX ( Administració de Sistemes Informàtics en Xarxa ) | D4: 48143710H | E4: Barrios | F4: López | G4: Iván | H4: C/Salvador Allende, 7-11 | I4: Sant Vicenç desl Horts | J4: 8620 | K4: 622851303 | L4: ivan.barrios@sarria.salesians.cat | M4: 39154 | N4: BALO 0 070313 00 9 | O4: 81472398735 | P4: 2025-2026 | Q4: M'agradaría fer dual intesiva perque hauré de deixar de treballar i la intesiva es la unica que paguen
A5: 46056.537 | B5: david.benites@sarria.salesians.cat | C5: S1SX ( Administració de Sistemes Informàtics en Xarxa ) | D5: 48096252D | E5: Benites | F5: Zambrano | G5: David | H5: Rambla de Mercedes, 14 | I5: Barcelona | J5: 8024 | K5: 617342497 | L5: david.benites@sarria.salesians.cat | M5: 38693 | N5: BEZA 0 051207 00 7 | O5: 81473104108 | P5: 2025-2026 | Q5: Intensiva
A6: 46055.705 | B6: arnau.bonfil@sarria.salesians.cat | C6: S1SX ( Administració de Sistemes Informàtics en Xarxa ) | D6: 23867160Z | E6: Bonfil | F6: Valldeperas | G6: Arnau | H6: Carrer d'Amadeu Vives 15 1r 3ra | I6: Esparreguera | J6: 8292 | K6: 638383900 | L6: arnau.bonfil@sarria.salesians.cat | M6: 39342 | N6: BOVA 0 070917 00 3 | O6: 81472197459 | P6: 2025-2026 | Q6: M’interessaria molt poder realitzar les pràctiques DUAL intensives, ja que considero que són una bona oportunitat per ampliar el meu currículum, adquirir experiència professional i poder compaginar la formació amb una remuneració. Crec que soc una persona adequada per al lloc, ja que sempre intento donar el millor de mi, tinc bona capacitat de comunicació i facilitat per treballar en equip. També m’agradaria poder fer més hores de pràctiques amb l’objectiu de tenir continuïtat a l’empresa en el futur mentre cursi els estudis universitaris.
A7: 46055.954 | B7: jan.camps@sarria.salesians.cat | C7: S1SX ( Administració de Sistemes Informàtics en Xarxa ) | D7: 48214499J | E7: Camps | F7: Atmetller | G7: Jan | H7: Carrer Sant Jaume nº 31 | I7: Rubí | J7: 8191 | K7: 722586444 | L7: jan.camps@sarria.salesians.cat | M7: 39239 | N7: CAAT 0 070606 01 5 | O7: 281595167663 | P7: 2025-2026 | Q7: En aquests moments estic treballant en una empresa a l’àrea d’informàtica i m’agradaria poder fer les pràctiques duals al mateix lloc de treball, ja que està relacionat amb els estudis que estic cursant.
A8: 46062.674 | B8: rocco.cebrian@sarria.salesians.cat | C8: S1SX ( Administració de Sistemes Informàtics en Xarxa ) | D8: 49820745P | E8: Cebrián | F8: Piñeiro | G8: Rocco | H8: Carolina catasus i bosch | I8: Sant Feliu de Llobregat | J8: 8980 | K8: 676023741 | L8: rocco.cebrian@sarria.salesians.cat | M8: 39378 | N8: CEPI 0 071023 00 5 | O8: 81379105448 | P8: 2025-2026 | Q8: prefiero la general, pero a poder ser prefiero hacerlas durante el segundo año del grado
A9: 46056.94 | B9: pau.chavero@sarria.salesians.cat | C9: S1SX ( Administració de Sistemes Informàtics en Xarxa ) | D9: 39479024F | E9: Chavero | F9: Grande | G9: Pau | H9: Carrer del japò 29 2-2 | I9: Barcelona | J9: 8016 | K9: 691095180 | L9: pau.chavero@sarria.salesians.cat | M9: 39078 | N9: CHGR 0 061227 00 5 | O9: 81472172096 | P9: 2025-2026
A10: 46055.702 | B10: iago.corbelle@sarria.salesians.cat | C10: S1SX ( Administració de Sistemes Informàtics en Xarxa ) | D10: 45182681D | E10: Corbelle | F10: Padín | G10: Iago | H10: Av 300 n83 | I10: Castelldefels | J10: 8860 | K10: 648635894 | L10: iago.corbelle@sarria.salesians.cat | M10: 39291 | N10: COPA 0 070728 00 9 | O10: 81472194126 | P10: 2025-2026 | Q10: m'agradaria gaudir de l'oportunitat d'aprendre de la millor manera possible de la dual intensiva per recollir tots els coneixements possibles que m'ofereixin millor desenvolupament de cara a futur a la meva feina o universitat
A11: 46055.765 | B11: asf.dublanche@sarria.salesians.cat | C11: S1SX ( Administració de Sistemes Informàtics en Xarxa ) | D11: Y4571921H | E11: Dublanche | G11: Alexis Stéphane François | H11: Carrer del Dipòsit, 6 | I11: Sant Cugat del Vallès | J11: 8198 | K11: 695456973 | L11: asf.dublanche@sarria.salesians.cat | M11: 39014 | N11: DUBL 0 061024 00 9 | O11: 81513502685 | P11: 2025-2026
A12: 46056.505 | B12: ivan.espejo@sarria.salesians.cat | C12: S1SX ( Administració de Sistemes Informàtics en Xarxa ) | D12: 47264213H | E12: Espejo | F12: Martínez | G12: Iván | H12: Carrer Igualtat 51-53 1rA Esc.Izq | I12: L'Hospitalet de Llobregat | J12: 8902 | K12: 679330382 | L12: ivan.espejo@sarria.salesians.cat | M12: 38734 | N12: ESMA 0 060117 00 9 | O12: 81472210391 | P12: 2025-2026 | Q12: Preferiblement m'agradaria anar a la dual intensiva, tant sigui a prop de la meva població, o més a prop del cole.
A13: 46055.87 | B13: joan.farre.25@sarria.salesians.cat | C13: S1SX ( Administració de Sistemes Informàtics en Xarxa ) | D13: 48073477G | E13: Farre | F13: Marin | G13: Joan | H13: C: Ma Aurelia Capmany 18, 1-1 | I13: Cornella De Llobregat | J13: 8940 | K13: 673319530 | L13: joan.farre.25@sarria.salesians.cat | M13: 38782 | N13: FAMA 0 060306 00 2 | O13: 81499953910 | P13: 2025-2026
A14: 46057.674 | B14: ss.fernandes@sarria.salesians.cat | C14: S1SX ( Administració de Sistemes Informàtics en Xarxa ) | D14: Y5172222L | E14: Fernandes | F14: Teixeira | G14: Sebastian | H14: Avinguda del Puig de Rimila 10 | I14: Sant Cugat del Vallès | J14: 8173 | K14: 662933188 | L14: ss.fernandes@sarria.salesians.cat | M14: 38468 | N14: FETE 0 050426 00 4 | O14: 81357068563 | P14: 2025-2026
A15: 46055.745 | B15: edgar.guerra.25@sarria.salesians.cat | C15: S1SX ( Administració de Sistemes Informàtics en Xarxa ) | D15: 39403670R | E15: Guerra | F15: Alberti | G15: Edgar | H15: Rambla Badal 36, 5-2, Escalera B | I15: Barcelona | J15: 8014 | K15: 691138993 | L15: edgar.guerra.25@sarria.salesians.cat | M15: 34367 | N15: GUAL 0 940202 00 2 | O15: 81217190826 | P15: 2025-2026 | Q15: DUAL Intensiva
A16: 46055.705 | B16: arnau.guillamon@sarria.salesians.cat | C16: S1SX ( Administració de Sistemes Informàtics en Xarxa ) | D16: 49782841P | E16: Guillamon | F16: Uzñate | G16: Arnau | H16: Joana Raspall 11 | I16: Sant Feliu de Llobregat | J16: 8980 | K16: 697437991 | L16: arnau.guillamon@sarria.salesians.cat | M16: 39063 | N16: GUUZ 0 061212 00 3 | O16: 81377464734 | P16: 2025-2026 | Q16: M’agradaria fer la DUAL intensiva, si és possible, ja que l’any passat la vaig poder experimentar i va ser una experiència meravellosa, i m’agradaria, si fos possible, repetir-la.
A17: 46055.722 | B17: hugo.jurado@sarria.salesians.cat | C17: S1SX ( Administració de Sistemes Informàtics en Xarxa ) | D17: 23926317S | E17: Jurado | F17: Borrell | G17: Hugo | H17: Avinguda de Josep Ferrer i Domingo, 4 | I17: Rubí | J17: 8191 | K17: 687850776 | L17: hugo.jurado@sarria.salesians.cat | M17: 39162 | N17: JUBO 0 070321 00 5 | O17: 81378007227 | P17: 2025-2026
A18: 46055.696 | B18: hector.lucas@sarria.salesians.cat | C18: S1SX ( Administració de Sistemes Informàtics en Xarxa ) | D18: 49287946G | E18: Lucas | F18: Jerez | G18: Hector | H18: Carrer Ullastrell, 38 08630 Abrera, Barcelona | I18: Abrera | J18: 8630 | K18: 622560326 | L18: hector.lucas@sarria.salesians.cat | M18: 39258 | N18: LUJE 0 070625 00 5 | O18: 81472197863 | P18: 2025-2026 | Q18: Quiero ir a universidad, DUAL
A19: 46057.684 | B19: sheila.miller.25@sarria.salesians.cat | C19: S1SX ( Administració de Sistemes Informàtics en Xarxa ) | D19: 49184848S | E19: Miller | F19: Villalobos | G19: Sheila | H19: Carrer Mineria 1, esc.A, pis 5, porta 8 | I19: Barcelona | J19: 8038 | K19: 602464071 | L19: sheila.miller.25@sarria.salesians.cat | M19: 39322 | N19: MIVI 1 070828 00 6 | O19: 81516553236 | P19: 2025-2026
A20: 46057.675 | B20: tristan.miravete@sarria.salesians.cat | C20: S1SX ( Administració de Sistemes Informàtics en Xarxa ) | D20: 51289091B | E20: Miravete | F20: Núñez | G20: Tristan | H20: Carrer Calabria 33 5,2 | I20: Barcelona | J20: 8015 | K20: 672729689 | L20: tristan.miravete@sarria.salesians.cat | M20: 38141 | N20: MINU 0 040603 00 4 | O20: 81345281346 | P20: 2025-2026
A21: 46057.679 | B21: alvaro.perez@sarria.salesians.cat | C21: S1SX ( Administració de Sistemes Informàtics en Xarxa ) | D21: 48143661S | E21: Pérez | F21: Hernando | G21: Álvaro | H21: Carrer Enric Prat de la Riba, 43 | I21: Gelida | J21: 8790 | K21: 663910905 | L21: alvaro.perez@sarria.salesians.cat | M21: 39035 | N21: PEHE 0 061114 00 1 | O21: 81473024686 | P21: 2025-2026 | Q21: Vull convalidar Práctiques
A22: 46064.52 | B22: samuel.pesado@sarria.salesians.cat | C22: S1SX ( Administració de Sistemes Informàtics en Xarxa ) | D22: 49550677Y | E22: Pesado | F22: Flores | G22: Samuel | H22: cami de can oriol | I22: Rubí | J22: 8191 | K22: 640368238 | L22: samuel.pesado@sarria.salesians.cat | M22: 39365 | N22: PEFL 0 071010 00 3 | O22: 81472251013 | P22: 2025-2026
A23: 46055.694 | B23: marc.ricote@sarria.salesians.cat | C23: S1SX ( Administració de Sistemes Informàtics en Xarxa ) | D23: 49323013L | E23: Ricote | F23: Fernández | G23: Marc | H23: Passeig de la zona franca 208, ESC IZQ ATCO 2 | I23: Barcelona | J23: 8038 | K23: 688785765 | L23: marc.ricote@sarria.salesians.cat | M23: 39282 | N23: RIFE 0 070719 00 5 | O23: 81516648822 | P23: 2025-2026 | Q23: Quiero dual intensiva. Hare universidad al acabar el ciclo.
A24: 46055.683 | B24: mario.rodriguez@sarria.salesians.cat | C24: S1SX ( Administració de Sistemes Informàtics en Xarxa ) | D24: 54331383Q | E24: Rodríguez | F24: González | G24: Mario | H24: Carrer San Sebastián 110, Sant Cugat del Vallès | I24: Sant Cugat del Vallès | J24: 8195 | K24: 644417955 | L24: mario.rodriguez@sarria.salesians.cat | M24: 38964 | N24: ROGO 0 060904 00 3 | O24: 81376947705 | P24: 2025-2026
A25: 46062.672 | B25: am.sanchez.25@sarria.salesians.cat | C25: S1SX ( Administració de Sistemes Informàtics en Xarxa ) | D25: 55654151Q | E25: Sanchez | F25: Herrera | G25: Andres Mauricio | H25: andyvmpier@gmail.com | I25: L'Hospitalet de Llobregat | J25: 8905 | K25: 662535065 | L25: am.sanchez.25@sarria.salesians.cat | M25: 35376 | N25: SAHE 0 961107 00 4 | O25: 81455961679 | P25: 2025-2026
A26: 46064.686 | B26: izan.simarro@sarria.salesians.cat | C26: S1SX ( Administració de Sistemes Informàtics en Xarxa ) | D26: 26060226F | E26: Simarro | F26: Gonzalez | G26: Izan | H26: Carrer Gernika, 1-5, 6º 4 | I26: Barcelona | J26: 8038 | K26: 676857843 | L26: izan.simarro@sarria.salesians.cat | M26: 39111 | N26: SIGO 0 070129 00 5 | O26: 81472138350 | P26: 2025-2026
A27: 46055.727 | B27: montserrat.xu@sarria.salesians.cat | C27: S1SX ( Administració de Sistemes Informàtics en Xarxa ) | D27: X9833125G | E27: XU | G27: Montse | H27: Pl. d'Europa, 14, 15A | I27: L'Hospitalet de Llobregat | J27: 8902 | K27: 640883727 | L27: montserrat.xu@sarria.salesians.cat | M27: 38926 | N27: XUXX 1 060728 00 1 | O27: 81472210694 | P27: 2025-2026
A28: 46055.7 | B28: biel.xufre.25@sarria.salesians.cat | C28: S1SX ( Administració de Sistemes Informàtics en Xarxa ) | D28: 49531031w | E28: Xufré | F28: Prieto | G28: Biel | H28: Carre Sant Joan 39 | I28: Esparreguera | J28: 8292 | K28: 694489035 | L28: biel.xufre.25@sarria.salesians.cat | M28: 39354 | N28: XUPR 0 070929 00 4 | O28: 81471670124 | P28: 2025-2026
B29: didac.gallego@sarria.salesians.cat | C29: S1SX ( Administració de Sistemes Informàtics en Xarxa ) | L29: didac.gallego@sarria.salesians.cat | P29: 2025-2026

Sheet Adreces alumnes
A1: Nom sencer | B1: Adreça | C1: Població | D1: CP | E1: Tipus
A2: Aguayo Barrientos, Jose Wigberto | B2: =VLOOKUP(Taula8[[#This Row],[Nom sencer]],Alumnes!E:W,13,FALSE) -> - | C2: =VLOOKUP(Taula8[[#This Row],[Nom sencer]],Alumnes!E:W,14,FALSE) -> jw.aguayo.25@sarria.salesians.cat | D2: =VLOOKUP(Taula8[[#This Row],[Nom sencer]],Alumnes!E:W,15,FALSE) -> BV-2041 KM 3.5 GAVA | E2: =VLOOKUP(Taula8[[#This Row],[Nom sencer]],Alumnes!E:W,18,FALSE) -> 0
A3: Almendros García, Javier | B3: =VLOOKUP(Taula8[[#This Row],[Nom sencer]],Alumnes!E:W,13,FALSE) -> 81272358665 | C3: =VLOOKUP(Taula8[[#This Row],[Nom sencer]],Alumnes!E:W,14,FALSE) -> javier.almendros@sarria.salesians.cat | D3: =VLOOKUP(Taula8[[#This Row],[Nom sencer]],Alumnes!E:W,15,FALSE) -> carretera reial 79 | E3: =VLOOKUP(Taula8[[#This Row],[Nom sencer]],Alumnes!E:W,18,FALSE) -> 0
A4: Barrios López, Iván | B4: =VLOOKUP(Taula8[[#This Row],[Nom sencer]],Alumnes!E:W,13,FALSE) -> 81472398735 | C4: =VLOOKUP(Taula8[[#This Row],[Nom sencer]],Alumnes!E:W,14,FALSE) -> ivan.barrios@sarria.salesians.cat | D4: =VLOOKUP(Taula8[[#This Row],[Nom sencer]],Alumnes!E:W,15,FALSE) -> C/Salvador Allende, 7-11 | E4: =VLOOKUP(Taula8[[#This Row],[Nom sencer]],Alumnes!E:W,18,FALSE) -> 0
A5: Benítes Zambrano, David | B5: =VLOOKUP(Taula8[[#This Row],[Nom sencer]],Alumnes!E:W,13,FALSE) -> 81473104108 | C5: =VLOOKUP(Taula8[[#This Row],[Nom sencer]],Alumnes!E:W,14,FALSE) -> david.benites@sarria.salesians.cat | D5: =VLOOKUP(Taula8[[#This Row],[Nom sencer]],Alumnes!E:W,15,FALSE) -> Rambla de Mercedes, 14 | E5: =VLOOKUP(Taula8[[#This Row],[Nom sencer]],Alumnes!E:W,18,FALSE) -> 0
A6: Bonfil Valldeperas, Arnau | B6: =VLOOKUP(Taula8[[#This Row],[Nom sencer]],Alumnes!E:W,13,FALSE) -> 81472197459 | C6: =VLOOKUP(Taula8[[#This Row],[Nom sencer]],Alumnes!E:W,14,FALSE) -> arnau.bonfil@sarria.salesians.cat | D6: =VLOOKUP(Taula8[[#This Row],[Nom sencer]],Alumnes!E:W,15,FALSE) -> Carrer d'Amadeu Vives 15 1r 3ra | E6: =VLOOKUP(Taula8[[#This Row],[Nom sencer]],Alumnes!E:W,18,FALSE) -> 0
A7: Camps Atmetller, Jan | B7: =VLOOKUP(Taula8[[#This Row],[Nom sencer]],Alumnes!E:W,13,FALSE) -> 281595167663 | C7: =VLOOKUP(Taula8[[#This Row],[Nom sencer]],Alumnes!E:W,14,FALSE) -> jan.camps@sarria.salesians.cat | D7: =VLOOKUP(Taula8[[#This Row],[Nom sencer]],Alumnes!E:W,15,FALSE) -> Carrer Sant Jaume nº 31 | E7: =VLOOKUP(Taula8[[#This Row],[Nom sencer]],Alumnes!E:W,18,FALSE) -> 0
A8: Cebrián Piñeiro, Rocco | B8: =VLOOKUP(Taula8[[#This Row],[Nom sencer]],Alumnes!E:W,13,FALSE) -> 81379105448 | C8: =VLOOKUP(Taula8[[#This Row],[Nom sencer]],Alumnes!E:W,14,FALSE) -> rocco.cebrian@sarria.salesians.cat | D8: =VLOOKUP(Taula8[[#This Row],[Nom sencer]],Alumnes!E:W,15,FALSE) -> Carolina catasus i bosch | E8: =VLOOKUP(Taula8[[#This Row],[Nom sencer]],Alumnes!E:W,18,FALSE) -> 0
A9: Chavero Grande, Pau | B9: =VLOOKUP(Taula8[[#This Row],[Nom sencer]],Alumnes!E:W,13,FALSE) -> 81472172096 | C9: =VLOOKUP(Taula8[[#This Row],[Nom sencer]],Alumnes!E:W,14,FALSE) -> pau.chavero@sarria.salesians.cat | D9: =VLOOKUP(Taula8[[#This Row],[Nom sencer]],Alumnes!E:W,15,FALSE) -> Carrer del japò 29 2-2 | E9: =VLOOKUP(Taula8[[#This Row],[Nom sencer]],Alumnes!E:W,18,FALSE) -> 0
A10: Corbelle Padin, Iago | B10: =VLOOKUP(Taula8[[#This Row],[Nom sencer]],Alumnes!E:W,13,FALSE) -> 81472194126 | C10: =VLOOKUP(Taula8[[#This Row],[Nom sencer]],Alumnes!E:W,14,FALSE) -> iago.corbelle@sarria.salesians.cat | D10: =VLOOKUP(Taula8[[#This Row],[Nom sencer]],Alumnes!E:W,15,FALSE) -> Av 300 n83 | E10: =VLOOKUP(Taula8[[#This Row],[Nom sencer]],Alumnes!E:W,18,FALSE) -> 0
A11: Dublanche, Alexis Stéphane Fran | B11: =VLOOKUP(Taula8[[#This Row],[Nom sencer]],Alumnes!E:W,13,FALSE) -> 81513502685 | C11: =VLOOKUP(Taula8[[#This Row],[Nom sencer]],Alumnes!E:W,14,FALSE) -> asf.dublanche@sarria.salesians.cat | D11: =VLOOKUP(Taula8[[#This Row],[Nom sencer]],Alumnes!E:W,15,FALSE) -> Carrer del Dipòsit, 6 | E11: =VLOOKUP(Taula8[[#This Row],[Nom sencer]],Alumnes!E:W,18,FALSE) -> 0
A12: Espejo Martínez, Ivan | B12: =VLOOKUP(Taula8[[#This Row],[Nom sencer]],Alumnes!E:W,13,FALSE) -> 81472210391 | C12: =VLOOKUP(Taula8[[#This Row],[Nom sencer]],Alumnes!E:W,14,FALSE) -> ivan.espejo@sarria.salesians.cat | D12: =VLOOKUP(Taula8[[#This Row],[Nom sencer]],Alumnes!E:W,15,FALSE) -> Carrer Igualtat 51-53 1rA Esc.Izq | E12: =VLOOKUP(Taula8[[#This Row],[Nom sencer]],Alumnes!E:W,18,FALSE) -> 0
A13: Farré Marín, Joan | B13: =VLOOKUP(Taula8[[#This Row],[Nom sencer]],Alumnes!E:W,13,FALSE) -> 81499953910 | C13: =VLOOKUP(Taula8[[#This Row],[Nom sencer]],Alumnes!E:W,14,FALSE) -> joan.farre.25@sarria.salesians.cat | D13: =VLOOKUP(Taula8[[#This Row],[Nom sencer]],Alumnes!E:W,15,FALSE) -> C: Ma Aurelia Capmany 18, 1-1 | E13: =VLOOKUP(Taula8[[#This Row],[Nom sencer]],Alumnes!E:W,18,FALSE) -> 0
... A29: Xufré Prieto, Biel | B29: =VLOOKUP(Taula8[[#This Row],[Nom sencer]],Alumnes!E:W,13,FALSE) -> 81471670124 | C29: =VLOOKUP(Taula8[[#This Row],[Nom sencer]],Alumnes!E:W,14,FALSE) -> biel.xufre.25@sarria.salesians.cat | D29: =VLOOKUP(Taula8[[#This Row],[Nom sencer]],Alumnes!E:W,15,FALSE) -> Carre Sant Joan 39 | E29: =VLOOKUP(Taula8[[#This Row],[Nom sencer]],Alumnes!E:W,18,FALSE) -> 0
